,id,original_title,title,original_language,overview,release_date,popularity,vote_count,vote_average,runtime,adult,genre_names
1,760161,Orphan: First Kill,Orphan: First Kill,en,"After escaping from an Estonian psychiatric facility, Leena Klammer travels to America by impersonating Esther, the missing daughter of a wealthy family. But when her mask starts to slip, she is put against a mother who will protect her family from the murderous “child” at any cost.",2022-07-27,5088.584,902,6.9,99,FALSE,"Horror, Thriller"
2,760741,Beast,Beast,en,"A recently widowed man and his two teenage daughters travel to a game reserve in South Africa. However, their journey of healing soon turns into a fight for survival when a bloodthirsty lion starts to stalk them.",2022-08-11,2172.338,584,7.1,93,FALSE,"Adventure, Drama, Horror"
3,882598,Smile,Smile,en,"After witnessing a bizarre, traumatic incident involving a patient, Dr. Rose Cotter starts experiencing frightening occurrences that she can't explain. As an overwhelming terror begins taking over her life, Rose must confront her troubling past in order to survive and escape her horrifying new reality.",2022-09-23,1863.628,114,6.8,115,FALSE,"Horror, Mystery, Thriller"
4,756999,The Black Phone,The Black Phone,en,"Finney Blake, a shy but clever 13-year-old boy, is abducted by a sadistic killer and trapped in a soundproof basement where screaming is of little use. When a disconnected phone on the wall begins to ring, Finney discovers that he can hear the voices of the killer’s previous victims. And they are dead set on making sure that what happened to them doesn’t happen to Finney.",2022-06-22,1071.398,2736,7.9,103,FALSE,"Horror, Thriller"
5,772450,Presencias,Presences,es,"A man who loses his wife and goes to seclude himself in a cabin in the woods, where strange things happen.",2022-09-07,1020.995,83,7,0,FALSE,Horror
6,1014226,Sonríe,Sonríe,es,NA,2022-08-18,939.712,1,1,0,FALSE,"Horror, Thriller"
7,717728,Jeepers Creepers: Reborn,Jeepers Creepers: Reborn,en,"Forced to travel with her boyfriend to a horror festival, Laine begins to experience disturbing visions associated with the urban legend of The Creeper. As the festival arrives and the blood-soaked entertainment builds to a frenzy, she becomes the center of it while something unearthly has been summoned.",2022-09-15,821.605,125,5.8,88,FALSE,"Horror, Mystery, Thriller"
8,762504,Nope,Nope,en,"Residents in a lonely gulch of inland California bear witness to an uncanny, chilling discovery.",2022-07-20,733.112,1684,7,130,FALSE,"Horror, Mystery, Science Fiction, Thriller"
9,927341,Hunting Ava Bravo,Hunting Ava Bravo,en,"Billionaire sportsman Buddy King unwinds by hunting human captives on his remote mountain estate. But his latest victim, Ava Bravo is no easy target.",2022-04-01,574.832,73,6.5,90,FALSE,"Action, Adventure, Crime, Drama, Horror, Mystery, Thriller, War"
10,760104,X,X,en,"In 1979, a group of young filmmakers set out to make an adult film in rural Texas, but when their reclusive, elderly hosts catch them in the act, the cast find themselves fighting for their lives.",2022-03-17,543.67,1035,6.8,106,FALSE,"Horror, Mystery, Thriller"
11,836225,The Exorcism of God,The Exorcism of God,en,"An American priest working in Mexico is considered a saint by many local parishioners. However, due to a botched exorcism, he carries a secret that’s eating him alive until he gets an opportunity to face his demon one final time.",2022-03-11,537.252,637,7.3,98,FALSE,Horror
12,801071,The Jack in the Box: Awakening,The Jack in the Box: Awakening,en,"When a vintage Jack-in-the-box is opened by a dying woman, she enters into a deal with the demon within that would see her illness cured in return for helping it claim six innocent victims.",2022-02-24,527.579,157,6.4,89,FALSE,Horror
13,852830,Torn Hearts,Torn Hearts,en,"A promising up-and-coming country duo seek out the secluded mansion of their idol Harper Dutch, a former country music star and Nashville royalty turned recluse. What starts out as a friendly visit devolves into a twisted series of horrors forcing the friends to confront the lengths they will go to in pursuit of their dreams.",2022-05-20,525.876,39,6.1,97,FALSE,"Horror, Music, Thriller"
14,758724,The Cellar,The Cellar,en,"When Keira Woods' daughter mysteriously vanishes in the cellar of their new house in the country, she soon discovers there is an ancient and powerful entity controlling their home that she will have to face or risk losing her family's souls forever.",2022-03-25,513.757,257,6.6,94,FALSE,"Horror, Mystery"
15,816952,My Best Friend's Exorcism,My Best Friend's Exorcism,en,"The year is 1988. Abby and Gretchen have been best friends since fourth grade. After an evening of skinny-dipping goes disastrously wrong, Gretchen begins to act…different, which leads Abby to suspect her best friend may be possessed by a demon. With help from some unlikely allies, Abby embarks on a quest to save Gretchen. But is their friendship powerful enough to beat the devil?",2022-09-29,501.921,43,6.1,96,FALSE,"Comedy, Horror"
16,755566,Day Shift,Day Shift,en,An LA vampire hunter has a week to come up with the cash to pay for his kid's tuition and braces. Trying to make a living these days just might kill him.,2022-08-10,449.683,1129,6.9,113,FALSE,"Action, Comedy, Fantasy, Horror"
17,896448,Beneath the Surface,Beneath the Surface,en,"A young woman survives a great white shark attack, whilst on a family boating vacation, however soon realizes the nightmare is far from over. Those around her can not be trusted, and she must face her demons, if she is to step back in the water.",2022-04-01,412.34,50,6.9,93,FALSE,"Fantasy, Horror, Mystery, Thriller"
18,629015,Shut In,Shut In,en,A young single mother is held captive along with her two children by a violent ex and must plot their escape before it’s too late.,2022-03-24,399.436,224,7.2,90,FALSE,"Horror, Thriller"
19,661791,La abuela,The Grandmother,es,"A Paris model must return to Madrid where her grandmother, who raised her, has had a stroke. But spending just a few days with this relative turns into an unexpected nightmare.",2022-01-28,381.305,272,5.9,100,FALSE,"Drama, Horror"
20,25853,Dahmer,Dahmer,en,"On February 15, 1992 in Milwaukee, Wisconsin, Jeffrey Dahmer, one of the world's most infamous serial killers, was convicted of 15 counts of murder and sentenced to 937 years in federal prison. This movie is based on events from his life.",2002-06-21,378.39,220,5.2,101,FALSE,"Drama, Horror"
21,945657,Titanic 666,Titanic 666,en,"After a mammoth cruise ship sails over the site of the Titanic’s disaster, dark and deadly events start to occur on board. As the ship’s captain investigates the tragic occurrences, it becomes clear that the passengers and crew from the original Titanic have returned.",2022-04-15,372.136,98,6,91,FALSE,"Horror, Thriller"
22,871832,Visitante,Visitor,es,"Marga, who’s in the middle of a marital crisis with her husband Daniel, decides to spend a few days alone in her old, family home. Once there, she starts to sense some strange and terrifying phenomena happening around her: an invisible entity seems to know a lot about her, among other things, that she’s having an affair with Carlos, an old friend from college.  Marga has fallen pregnant by Carlos and on the day she’s going to have a secret abortion, the entity won’t let her leave the house. On the verge of madness, Marga discovers a portal in the house that leads to another reality. In this reality lives her other self and she’s actually trying to warn herself that something terrible is about to happen to her, unless she makes a decision…",2021-02-11,358.179,7,6.1,99,FALSE,Horror
23,610253,Halloween Kills,Halloween Kills,en,"The nightmare isn't over as unstoppable killer Michael Myers escapes from Laurie Strode's trap to continue his ritual bloodbath. Injured and taken to the hospital, Laurie fights through the pain as she inspires residents of Haddonfield, to rise up against Myers. Taking matters into their own hands, the Strode women and other survivors form a vigilante mob to hunt down Michael and end his reign of terror once and for all.",2021-10-14,315.027,1941,6.7,105,FALSE,"Horror, Thriller"
24,864370,咒,Incantation,zh,"Inspired by a true story of a family who believed they were possessed by spirits, this film follows a woman who must protect her child from a curse.  WARNING: This is a cursed video, it might contain certain risks to watch. For those who dares to follow, please solve the puzzle of my daughter's curse with me.",2022-03-18,313.282,339,6.9,111,FALSE,Horror
25,756681,Veneciafrenia,Veneciafrenia,es,A group of spanish tourists in Venice finds themselves fighting for their lives against locals that are not too keen on foreigners.,2022-04-22,302.239,133,6.1,100,FALSE,Horror
26,632727,Texas Chainsaw Massacre,Texas Chainsaw Massacre,en,"After nearly 50 years of hiding, Leatherface returns to terrorize a group of idealistic influencers who accidentally disrupt his carefully shielded world in a remote Texas town.",2022-02-18,293.443,958,5.3,83,FALSE,"Horror, Thriller"
27,646385,Scream,Scream,en,"Twenty-five years after a streak of brutal murders shocked the quiet town of Woodsboro, a new killer has donned the Ghostface mask and begins targeting a group of teenagers to resurrect secrets from the town’s deadly past.",2022-01-12,291.196,1732,6.7,114,FALSE,"Horror, Mystery, Thriller"
28,613093,Malnazidos,Valley of the Dead,es,"During the Spanish Civil War, sworn enemies must work together when they encounter flesh-eating zombies created in a Nazi experiment.",2020-10-08,276.369,201,6.3,101,FALSE,"Comedy, Horror, War"
29,616820,Halloween Ends,Halloween Ends,en,"Four years after the events of Halloween in 2018, Laurie has decided to liberate herself from fear and rage and embrace life. But when a young man is accused of killing a boy he was babysitting, it ignites a cascade of violence and terror that will force Laurie to finally confront the evil she can’t control, once and for all.",2022-10-12,270.269,2,10,111,FALSE,"Horror, Mystery, Thriller"
30,49690,Smile,Smile,it,A carefree summer vacation turns into an inescapable terror trap for a group of young students who buy a vintage instant camera from a mysterious local shop owner...,2009-08-28,266.502,16,3.9,119,FALSE,"Horror, Thriller"
31,21208,Orphan,Orphan,en,"After losing their baby, a married couple adopt 9-year old Esther, who may not be as innocent as she seems.",2009-07-24,265.858,4403,7,123,FALSE,"Horror, Mystery, Thriller"
32,825808,See for Me,See for Me,en,"When blind former skier Sophie cat-sits in a secluded mansion, three thieves invade for the hidden safe. Sophie's only defense is army veteran Kelly, who she meets on the See For Me app. Kelly helps Sophie defend herself against the invaders and survive.",2022-01-07,254.809,110,6.1,92,FALSE,"Crime, Drama, Horror, Mystery, Thriller"
33,831410,Bring It On: Cheer or Die,Bring It On: Cheer or Die,en,"Held down by restrictive rules, an embattled cheerleading squad seeks the freedom of a creepy, closed school gym to practice for regionals, but when members of the squad start to disappear, the cheerleaders must unmask their assailant to save themselves.",2022-09-27,253.614,34,6.2,0,FALSE,"Comedy, Horror, Thriller, TV Movie"
34,833425,No Exit,No Exit,en,"Stranded at a rest stop in the mountains during a blizzard, a recovering addict discovers a kidnapped child hidden in a car belonging to one of the people inside the building which sets her on a terrifying struggle to identify who among them is the kidnapper.",2022-02-25,252.675,750,7,96,FALSE,"Horror, Mystery, Thriller"
35,816977,They/Them,They/Them,en,Campers at an LGBTQ+ conversion camp endure unsettling psychological techniques while the campsite is stalked by a mysterious killer.,2022-07-24,249.32,105,5.3,101,FALSE,"Horror, Thriller"
36,803114,The Requin,The Requin,en,"A couple on a romantic getaway find themselves stranded at sea when a tropical storm sweeps away their villa. In order to survive, they are forced to fight the elements, while sharks circle below.",2022-01-28,248.496,191,4.7,89,FALSE,"Horror, Thriller"
37,55341,Jeepers Creepers 3,Jeepers Creepers 3,en,"Taking place on the last day of the Creeper’s twenty-three-day feeding frenzy, as the skeptical Sergeant Tubbs teams up with a task force hellbent on destroying the Creeper for good. The Creeper fights back in gory glory as its enemies grow closer than ever before to learning the secret of its dark origins.",2017-09-26,246.189,692,4.9,100,FALSE,"Horror, Mystery, Thriller"
38,423108,The Conjuring: The Devil Made Me Do It,The Conjuring: The Devil Made Me Do It,en,"Paranormal investigators Ed and Lorraine Warren encounter what would become one of the most sensational cases from their files. The fight for the soul of a young boy takes them beyond anything they'd ever seen before, to mark the first time in U.S. history that a murder suspect would claim demonic possession as a defense.",2021-05-25,246.13,4689,7.6,111,FALSE,"Horror, Mystery, Thriller"
39,460458,Resident Evil: Welcome to Raccoon City,Resident Evil: Welcome to Raccoon City,en,"Once the booming home of pharmaceutical giant Umbrella Corporation, Raccoon City is now a dying Midwestern town. The company’s exodus left the city a wasteland…with great evil brewing below the surface. When that evil is unleashed, the townspeople are forever…changed…and a small group of survivors must work together to uncover the truth behind Umbrella and make it through the night.",2021-11-24,245.332,1831,6.1,107,FALSE,"Action, Horror, Science Fiction"
40,960258,Shark Bait,Shark Bait,en,"A group of friends enjoying a weekend steal a couple of jetskis racing them out to sea, ending up in a horrific head-on collision. They struggle to find a way home with a badly injured friend while from the waters below predators lurk.",2022-05-13,242.754,163,6,87,FALSE,"Action, Adventure, Horror, Thriller"
41,639721,The Addams Family 2,The Addams Family 2,en,The Addams get tangled up in more wacky adventures and find themselves involved in hilarious run-ins with all sorts of unsuspecting characters.,2021-10-01,241.156,953,7.1,93,FALSE,"Adventure, Animation, Comedy, Family, Fantasy, Horror"
42,474350,It Chapter Two,It Chapter Two,en,"27 years after overcoming the malevolent supernatural entity Pennywise, the former members of the Losers' Club, who have grown up and moved away from Derry, are brought back together by a devastating phone call.",2019-09-04,230.451,7221,6.9,170,FALSE,"Fantasy, Horror"
43,852485,She Will,She Will,en,"Veronica, an aging film star, retreats to the Scottish countryside with her nurse Desi to recover from  a double mastectomy. While there, mysterious forces give Veronica the power to enact revenge within her dreams.",2022-07-15,229.223,24,5.6,95,FALSE,"Drama, Horror, Thriller"
44,895744,Studio 666,Studio 666,en,"Legendary rock band Foo Fighters move into an Encino mansion steeped in grisly rock and roll history to record their much anticipated 10th album. Once in the house, Dave Grohl finds himself grappling with supernatural forces that threaten both the completion of the album and the lives of the band.",2022-02-24,227.919,106,6.3,106,FALSE,"Comedy, Horror, Music"
45,708471,El último zombi,The Last Zombie,es,NA,2021-12-02,226,3,5.7,85,FALSE,Horror
46,869399,La pasajera,The Passenger,es,"Four people traveling in a van run over a lone woman while she is walking in the dark down a country road. After loading her into the vehicle to take her to the nearest hospital, they notice that she is behaving rather strangely. The occupants of the van soon realise that the time has come to fight for their lives, and together they agree on one very simple rule: ""do not sit next to her.""",2022-06-03,220.766,25,6.4,90,FALSE,Horror
47,697799,WarHunt,WarHunt,en,"1945. A U.S. military cargo plane loses control and violently crashes behind enemy lines in the middle of the German black forest. Major Johnson sends a squad of his bravest soldiers on a rescue mission to retrieve the top-secret material the plane was carrying, led by Sergeants Brewer and Walsh. They soon discover hanged Nazi soldiers and other dead bodies bearing ancient, magical symbols. Suddenly their compasses fail, their perceptions twist and straying from the group leads to profound horrors as they are attacked by a powerful, supernatural force.",2022-01-21,215.537,60,5.1,93,FALSE,"Action, Fantasy, Horror, Thriller, War"
48,632357,The Unholy,The Unholy,en,"Alice is young hearing-impaired girl who, after a supposed visitation from the Virgin Mary, is inexplicably able to hear, speak and heal the sick. As word spreads and people from near and far flock to witness her miracles, a disgraced journalist hoping to revive his career visits the small New England town to investigate. When terrifying events begin to happen all around, he starts to question if these phenomena are the works of the Virgin Mary or something much more sinister.",2021-03-31,207.113,1737,6.7,99,FALSE,"Horror, Mystery"
49,814800,Goodnight Mommy,Goodnight Mommy,en,"When twin brothers arrive home to find their mother’s demeanor altered and face covered in surgical bandages, they begin to suspect the woman beneath the gauze might not be their mother.",2022-09-16,198.775,159,6.2,91,FALSE,"Drama, Horror, Thriller"
50,893370,Virus :32,Virus:32,es,A virus is unleashed and a chilling massacre runs through the streets of Montevideo.,2022-04-21,198.632,155,7.2,90,FALSE,Horror
51,602223,The Forever Purge,The Forever Purge,en,All the rules are broken as a sect of lawless marauders decides that the annual Purge does not stop at daybreak and instead should never end as they chase a group of immigrants who they want to punish because of their harsh historical past.,2021-06-30,198.269,1904,7.2,103,FALSE,"Action, Horror, Thriller"
52,482373,Don't Breathe 2,Don't Breathe 2,en,"The Blind Man has been hiding out for several years in an isolated cabin and has taken in and raised a young girl orphaned from a devastating house fire. Their quiet life together is shattered when a group of criminals kidnap the girl, forcing the Blind Man to leave his safe haven to save her.",2021-08-12,196.003,1847,7.3,98,FALSE,"Horror, Thriller"
53,8922,Jeepers Creepers,Jeepers Creepers,en,A brother and sister driving home through an isolated countryside from college encounter a flesh-eating creature in the midst of its ritualistic eating spree.,2001-07-01,195.983,2395,6.4,90,FALSE,"Horror, Thriller"
54,531219,Roald Dahl's The Witches,Roald Dahl's The Witches,en,"In late 1967, a young orphaned boy goes to live with his loving grandma in the rural Alabama town of Demopolis. As the boy and his grandmother encounter some deceptively glamorous but thoroughly diabolical witches, she wisely whisks him away to a seaside resort. Regrettably, they arrive at precisely the same time that the world's Grand High Witch has gathered.",2020-10-25,192.006,2331,6.4,106,FALSE,"Adventure, Comedy, Family, Fantasy, Horror"
55,820511,Ripper Untold,Ripper Untold,en,A detective and a medical examiner join forces to solve a series of horrific murders in Victorian London - but one of them harbors a deadly secret.,2021-06-28,187.478,107,6.2,85,FALSE,Horror
56,982543,V for Vengeance,V for Vengeance,en,"After learning that their younger sibling escaped an earlier kidnapping attempt that also killed their parents, two estranged sisters must join forces to rescue her from a group of bloodthirsty vampires. Out for revenge and control of a vampirism vaccine, Thorn and his band of the undead soon learn that they messed with the wrong family.",2022-06-07,185.965,49,6.8,85,FALSE,"Action, Horror"
57,138843,The Conjuring,The Conjuring,en,"Paranormal investigators Ed and Lorraine Warren work to help a family terrorized by a dark presence in their farmhouse. Forced to confront a powerful entity, the Warrens find themselves caught in the most terrifying case of their lives.",2013-07-18,173.527,9735,7.5,112,FALSE,"Horror, Thriller"
58,11351,Jeepers Creepers 2,Jeepers Creepers 2,en,"When their bus is crippled on the side of a deserted road, a team of high school athletes discover an opponent they cannot defeat – and may not survive. Staring hungrily at them through the school bus windows, the ""Creeper"" returns again and again. But when the teammates discover that it’s selective about whom it attacks, it will test their ability to stick together – as the insatiable menace tries to tear them apart!",2003-08-08,169.063,1287,6.1,104,FALSE,Horror
59,830788,The Invitation,The Invitation,en,"After the death of her mother, Evie is approached by an unknown cousin who invites her to a lavish wedding in the English countryside. Soon, she realizes a gothic conspiracy is afoot and must fight for survival as she uncovers twisted secrets in her family’s history.",2022-08-24,168.001,176,6.3,105,FALSE,"Horror, Thriller"
60,897424,Dark Cloud,Dark Cloud,en,"Following the aftermath of a horrific accident, a woman is voluntarily subjected to artificial intelligence for rehabilitation.",2022-05-09,167.344,60,6.6,81,FALSE,"Horror, Science Fiction, Thriller"
61,829358,Queen of Spades,Queen of Spades,en,"According to legend, an ominous entity known as the Queen of Spades can be summoned by performing an ancient ritual. Four teenagers summon the Queen of Spades, but they could never imagine the horrors that await them.",2021-06-11,164.687,66,6.6,91,FALSE,Horror
62,926762,Living with Chucky,Living with Chucky,en,"A filmmaker who grew up alongside Chucky the killer doll seeks out the other families surrounding the Child's Play films as they recount their experiences working on the ongoing franchise and what it means to be a part of the, ""Chucky"" family.",2022-08-13,163.646,2,2,105,FALSE,"Documentary, Horror"
63,870671,The Hunting,The Hunting,en,"When a mysterious animal attack leaves a mutilated body in the forest, a conservative small town detective must enlist the help of an eager wildlife specialist to uncover the dark and disturbing truth that threatens the town.",2022-01-21,163.448,28,4.9,91,FALSE,Horror
64,938596,Bull Shark,Bull Shark,en,A hungry shark begins feeding on some unsuspecting lake goers in a small Texas town.,2022-02-05,161.874,52,5.5,80,FALSE,"Horror, Thriller"
65,424139,Halloween,Halloween,en,"Jamie Lee Curtis returns to her iconic role as Laurie Strode, who comes to her final confrontation with Michael Myers, the masked figure who has haunted her since she narrowly escaped his killing spree on Halloween night four decades ago.",2018-10-18,158.374,3974,6.5,106,FALSE,"Horror, Thriller"
66,520763,A Quiet Place Part II,A Quiet Place Part II,en,"Following the events at home, the Abbott family now face the terrors of the outside world. Forced to venture into the unknown, they realize that the creatures that hunt by sound are not the only threats that lurk beyond the sand path.",2021-05-21,153.956,4721,7.6,97,FALSE,"Horror, Science Fiction, Thriller"
67,609972,Paranormal Activity: Next of Kin,Paranormal Activity: Next of Kin,en,"Margot, a documentary filmmaker, heads to a secluded Amish community in the hopes of learning about her long-lost mother and extended family. Following a string of strange occurrences and discoveries, she comes to realize this community may not be what it seems.",2021-10-29,149.767,426,6.4,98,FALSE,"Horror, Mystery, Thriller"
68,631843,Old,Old,en,A group of families on a tropical holiday discover that the secluded beach where they are staying is somehow causing them to age rapidly – reducing their entire lives into a single day.,2021-07-21,148.823,3080,6.5,108,FALSE,"Horror, Mystery, Thriller"
69,522444,Black Water: Abyss,Black Water: Abyss,en,"An adventure-loving couple convince their friends to explore a remote, uncharted cave system in the forests of Northern Australia. With a tropical storm approaching, they abseil into the mouth of the cave, but when the caves start to flood, tensions rise as oxygen levels fall and the friends find themselves trapped. Unknown to them, the storm has also brought in a pack of dangerous and hungry crocodiles.",2020-07-09,147.567,351,5.1,98,FALSE,"Adventure, Horror, Mystery, Thriller"
70,633802,Приворот. Чёрное венчание,Dark Spell,ru,Terror strikes when a heartbroken woman uses black magic to get her husband back.,2021-02-11,146.99,120,6.8,92,FALSE,"Fantasy, Horror, Mystery, Romance, Thriller"
71,926899,The House,The House,en,"Across different eras, a poor family, an anxious developer and a fed-up landlady become tied to the same mysterious house in this animated dark comedy.",2022-01-14,145.57,740,7,97,FALSE,"Animation, Comedy, Drama, Fantasy, Horror"
72,159211,The Haunting of Helena,The Haunting of Helena,en,"After a divorce, Sophia moves to the south of Italy with her daughter, Helena. Their new home, an apartment within an austere building of the fascist age, is a chance for them to start a new life. But inside an old storage room hides a mysterious closet and a buried secret. After the loss of Helena’s first baby tooth, a chilling obsession begins and an apparition haunts her sleep...",2013-01-14,142.934,129,5.5,87,FALSE,"Horror, Thriller"
73,75624,劇場版 NARUTO -ナルト- ブラッド・プリズン,Naruto Shippuden the Movie: Blood Prison,ja,"After his capture for attempted assassination of the Raikage, leader of Kumogakure, as well as killing Jōnin from Kirigakure and Iwagakure, Naruto is imprisoned in Hōzukijou: A criminal containment facility known as the Blood Prison. Mui, the castle master, uses the ultimate imprisonment technique to steal power from the prisoners, which is when Naruto notices his life has been targeted. Thus begins the battle to uncover the truth behind the mysterious murders and prove Naruto's innocence.",2011-07-30,142.096,404,7.2,108,FALSE,"Action, Animation, Comedy, Horror, Mystery, Thriller"
74,11932,Bride of Chucky,Bride of Chucky,en,"Chucky hooks up with another murderous doll, the bridal gown-clad Tiffany, for a Route 66 murder spree with their unwitting hosts.",1998-10-16,139.831,1495,6,89,FALSE,"Comedy, Horror"
75,666479,Sonríe,Sonríe,eo,Murder collective maintains a compound where they film all the murders and mayhem they commit.,2012-10-23,138.633,1,2,0,FALSE,Horror
76,23823,Wrong Turn 3: Left for Dead,Wrong Turn 3: Left for Dead,en,"A group of people find themselves trapped in the backwoods of West Virginia, fighting for their lives against a group of vicious and horribly disfigured inbred cannibals.",2009-10-20,138.012,904,5.6,91,FALSE,"Horror, Thriller"
77,775943,Llanto Maldito,Tarumama,es,"Sara and Óscar, a couple going through a marital crisis, decide to spend a week in a remote country cabin with their two children, Alicia and Tomás. The family tries to have a quiet time, but something strange happens there. There is a woman who prowls through the forest and cries uncontrollably looking for a baby she has just lost. This deeply affects the family who will have to stay together to survive this nightmare.",2021-07-29,137.971,27,4.5,90,FALSE,"Drama, Horror"
78,259693,The Conjuring 2,The Conjuring 2,en,Lorraine and Ed Warren travel to north London to help a single mother raising four children alone in a house plagued by malicious spirits.,2016-06-08,137.18,7061,7.3,134,FALSE,"Horror, Thriller"
79,72190,World War Z,World War Z,en,"Life for former United Nations investigator Gerry Lane and his family seems content. Suddenly, the world is plagued by a mysterious infection turning whole human populations into rampaging mindless zombies. After barely escaping the chaos, Lane is persuaded to go on a mission to investigate this disease. What follows is a perilous trek around the world where Lane must brave horrific dangers and long odds to find answers before human civilization falls.",2013-06-20,131.399,13440,6.8,116,FALSE,"Action, Drama, Horror, Science Fiction, Thriller"
80,439079,The Nun,The Nun,en,"When a young nun at a cloistered abbey in Romania takes her own life, a priest with a haunted past and a novitiate on the threshold of her final vows are sent by the Vatican to investigate. Together they uncover the order’s unholy secret. Risking not only their lives but their faith and their very souls, they confront a malevolent force in the form of the same demonic nun that first terrorized audiences in “The Conjuring 2” as the abbey becomes a horrific battleground between the living and the damned.",2018-09-05,131.032,5393,5.8,96,FALSE,"Horror, Mystery, Thriller"
81,854535,The Legacy of Chucky,The Legacy of Chucky,en,"A celebration of the 30+ year legacy of the Child’s Play franchise and iconic character, Chucky, with never-before-seen interviews with franchise creator and actors.",2021-07-25,128.64,12,6.4,10,FALSE,"Documentary, Horror"
82,811072,Dos,Two,es,"Two people, a man and a woman, wake up naked and with their abdomens attached to each other.",2021-07-23,127.062,266,5.4,71,FALSE,"Horror, Thriller"
83,184345,A Haunted House 2,A Haunted House 2,en,"After exorcising the demons of his ex-, Malcolm starts afresh with his new girlfriend and her two children. After moving into their dream home, Malcolm is once again plagued by bizarre paranormal events.",2014-04-17,125.807,1126,6,87,FALSE,"Comedy, Horror"
84,71672,Wrong Turn 4: Bloody Beginnings,Wrong Turn 4: Bloody Beginnings,en,"A group of friends take refuge in a deserted sanatorium after they are left stranded in a snowstorm. Later, the place becomes a death trap when man-eating cannibals surround them.",2011-10-17,125.455,857,5.7,93,FALSE,"Horror, Thriller"
85,13186,Wrong Turn 2: Dead End,Wrong Turn 2: Dead End,en,Retired military commander Colonel Dale Murphy hosts the simulated post-apocalyptic reality show where participants are challenged to survive a remote West Virginia wasteland. But the show turns into a nightmarish showdown when each realizes they are being hunted by an inbred family of cannibals determined to make them all dinner!,2007-08-25,123.581,1084,6,96,FALSE,"Horror, Thriller"
86,943221,Mal de Ojo,Mal de Ojo,es,"Nala, a thirteen-year-old girl from the city, travels with her family to her grandmother's home in the countryside, to try to find a cure for her little sister's mysterious illness - But she'll soon find her granny is not exactly what she seems...",2022-09-22,122.085,4,3.3,0,FALSE,Horror
87,504175,Chucky's Vacation Slides,Chucky's Vacation Slides,en,"Chucky, Tiffany and Glen tell about their travels.",2005-06-07,119.795,7,6.3,3,FALSE,"Comedy, Horror"
88,561,Constantine,Constantine,en,"John Constantine has literally been to Hell and back. When he teams up with a policewoman to solve the mysterious suicide of her twin sister, their investigation takes them through the world of demons and angels that exists beneath the landscape of contemporary Los Angeles.",2005-02-08,119.677,5863,7,121,FALSE,"Action, Fantasy, Horror"
89,516329,Antlers,Antlers,en,"A small-town Oregon teacher and her brother, the local sheriff, discover a young student is harbouring a dangerous secret that could have frightening consequences.",2021-10-28,119.584,782,6.3,99,FALSE,"Drama, Horror, Mystery"
90,630586,Wrong Turn,Wrong Turn,en,"Jen and a group of friends set out to hike the Appalachian Trail. Despite warnings to stick to the trail, the hikers stray off course—and cross into land inhabited by The Foundation, a hidden community of mountain dwellers who use deadly means to protect their way of life.",2021-01-26,119.017,804,6,110,FALSE,"Horror, Thriller"
91,360784,Hidden,Hidden,en,A family takes refuge in a fallout shelter to avoid a dangerous outbreak.,2015-09-15,117.32,712,6.8,83,FALSE,"Horror, Thriller"
92,345940,The Meg,The Meg,en,"A deep sea submersible pilot revisits his past fears in the Mariana Trench, and accidentally unleashes the seventy foot ancestor of the Great White Shark believed to be extinct.",2018-08-09,116.512,6068,6.2,113,FALSE,"Action, Horror, Science Fiction"
93,393345,Cult of Chucky,Cult of Chucky,en,"Confined to an asylum for the criminally insane, Nica Pierce is convinced that she, not Chucky, murdered her entire family. But when the psychiatrist introduces a new therapeutic ""Good Guy"" doll with a familiar face, a string of new, grisly deaths leads Nica to wonder if she isn't crazy after all.",2017-10-23,116.318,959,5.8,91,FALSE,"Horror, Thriller"
94,481084,The Addams Family,The Addams Family,en,"The Addams family's lives begin to unravel when they face-off against a treacherous, greedy crafty reality-TV host while also preparing for their extended family to arrive for a major celebration.",2019-10-10,116.021,1851,6.6,86,FALSE,"Animation, Comedy, Family, Fantasy, Horror"
95,672582,The Deep House,The Deep House,en,"While diving in a remote French lake, a couple of YouTubers who specialize in underwater exploration videos discover a house submerged in the deep waters. What was initially a unique finding soon turns into a nightmare when they discover that the house was the scene of atrocious crimes. Trapped, with their oxygen reserves falling dangerously, they realize the worst is yet to come: they are not alone in the house.",2021-06-30,115.268,717,6.3,81,FALSE,Horror
96,125509,Wrong Turn 5: Bloodlines,Wrong Turn 5: Bloodlines,en,"A small West Virginia town is hosting the legendary Mountain Man Festival on Halloween, where throngs of costumed party goers gather for a wild night of music and mischief. But an inbred family of hillbilly cannibals kill the fun when they trick and treat themselves to a group of visiting college students.",2012-10-23,112.707,750,5.4,91,FALSE,"Horror, Thriller"
97,523936,Méandre,Meander,fr,"After getting a car ride from an unknown man, Lisa wakes up in a tube. On her arm is strapped a bracelet with a countdown. She quickly understands that every 8 minutes, fire burns an occupied section. She has no choice but to crawl into safe sections to survive. To know why she’s there and how to get out, Lisa will have to face the memories of her dead daughter…",2021-05-26,112.295,284,6,91,FALSE,"Drama, Horror, Science Fiction, Thriller"
98,591273,Fear Street: 1994,Fear Street: 1994,en,"After a series of brutal slayings, a teen and her friends take on an evil force that's plagued their notorious town for centuries.",2021-06-28,111.397,1708,6.8,107,FALSE,"Fantasy, Horror, Mystery"
99,774021,Demonic,Demonic,en,A young woman unleashes terrifying demons when supernatural forces at the root of a decades-old rift between mother and daughter are ruthlessly revealed.,2021-07-29,110.83,153,4.9,104,FALSE,"Drama, Horror, Science Fiction"
100,22894,Legion,Legion,en,"When God loses faith in humankind, he sends his legion of angels to bring on the Apocalypse. Humanity's only hope for survival lies in a group of strangers trapped in an out-of-the-way, desert diner with the Archangel Michael.",2010-01-21,110.404,2190,5.8,100,FALSE,"Action, Fantasy, Horror"
101,663712,Terrifier 2,Terrifier 2,en,"After being resurrected by a sinister entity, Art the Clown returns to Miles County where he must hunt down and destroy a teenage girl and her younger brother on Halloween night.  As the body count rises, the siblings fight to stay alive while uncovering the true nature of Art's evil intent.",2022-10-06,109.994,1,8,138,FALSE,"Horror, Thriller"
102,948,Halloween,Halloween,en,"Fifteen years after murdering his sister on Halloween Night 1963, Michael Myers escapes from a mental hospital and returns to the small town of Haddonfield, Illinois to kill again.",1978-10-24,109.29,4421,7.6,91,FALSE,"Horror, Thriller"
103,10585,Child's Play,Child's Play,en,"A single mother gives her son a beloved doll for his birthday, only to discover that it is possessed by the soul of a serial killer.",1988-11-09,108.342,2335,6.6,87,FALSE,Horror
104,139038,A Haunted House,A Haunted House,en,"Malcolm and Kisha move into their dream home, but soon learn a demon also resides there. When Kisha becomes possessed, Malcolm - determined to keep his sex life on track - turns to a priest, a psychic, and a team of ghost-busters for help in this spoof of all the ""found-footage/documentary style"" films released in recent years.",2013-01-11,108.186,1499,5.8,86,FALSE,"Comedy, Horror"
105,442249,The First Purge,The First Purge,en,"To push the crime rate below one percent for the rest of the year, the New Founding Fathers of America test a sociological theory that vents aggression for one night in one isolated community. But when the violence of oppressors meets the rage of the others, the contagion will explode from the trial-city borders and spread across the nation.",2018-07-04,108.11,3413,6,97,FALSE,"Action, Horror, Thriller"
106,346364,It,It,en,"In a small town in Maine, seven children known as The Losers Club come face to face with life problems, bullies and a monster that takes the shape of a clown called Pennywise.",2017-09-06,106.786,16900,7.2,135,FALSE,"Fantasy, Horror"
107,998340,Smile,Smile,en,"Smile follows the story of Mr O'Shea, a psychotic, short tempered Middle aged man mourning the recent loss of his family. We follow him and see how he deals with an average day of his life as he has no patience and will do regrettable things without thinking twice about the consequences.",2016-11-16,106.579,0,0,15,FALSE,Horror
108,280002,The Remaining,The Remaining,en,"When a group of close-knit friends assemble for the marriage of Skylar and Dan, they have no idea they will witness The Rapture and face a series of catastrophic events turning the celebration into a life-or-death struggle.",2014-08-25,106.016,285,5.7,88,FALSE,"Horror, Thriller"
109,591274,Fear Street: 1978,Fear Street: 1978,en,"In 1978, two rival groups at Camp Nightwing must band together to solve a terrifying mystery when horrors from their towns' history come alive.",2021-07-08,105.156,1406,7.3,110,FALSE,"Fantasy, Horror, Mystery"
110,760195,Separation,Separation,en,A young girl finds solace in her artist father and the ghost of her dead mother.,2021-04-30,104.611,161,5.8,107,FALSE,"Drama, Horror"
111,768447,Motherly,Motherly,en,"Kate and her daughter Beth live alone in an isolated farmhouse in the woods, but when Kate slowly begins to suspect that something sinister is happening, her motherly instincts are put to the test.",2022-08-04,104.32,8,6,90,FALSE,"Horror, Thriller"
112,843906,Straight Outta Nowhere: Scooby-Doo! Meets Courage the Cowardly Dog,Straight Outta Nowhere: Scooby-Doo! Meets Courage the Cowardly Dog,en,"With Mystery, Inc. on the tail of a strange object in Nowhere, Kansas, the strange hometown of Eustice, Muriel, and Courage, the gang soon find themselves contending with a giant cicada monster and her winged warriors.",2021-09-14,103.618,318,8.1,72,FALSE,"Animation, Comedy, Family, Fantasy, Horror, Mystery"
113,879497,Smile,Smile,en,"When a young woman struggles to smile, her depression becomes something truly monstrous.",2022-08-17,103.393,2,4,7,FALSE,Horror
114,72331,Abraham Lincoln: Vampire Hunter,Abraham Lincoln: Vampire Hunter,en,"President Lincoln's mother is killed by a supernatural creature, which fuels his passion to crush vampires and their slave-owning helpers.",2012-06-20,103,2855,5.7,94,FALSE,"Action, Fantasy, Horror"
115,913290,Barbarian,Barbarian,en,"In town for a job interview, a young woman arrives at her Airbnb late at night only to find that it has been mistakenly double-booked and a strange man is already staying there. Against her better judgement, she decides to stay the night anyway, but soon discovers that there is much more to be afraid of in the house than the other guest.",2022-09-08,102.826,61,7.2,103,FALSE,"Horror, Mystery, Thriller"
116,11249,Seed of Chucky,Seed of Chucky,en,"This time around, Chucky and his homicidal honey, Tiffany, are brought back to life by their orphan offspring, Glen. Then the horror goes Hollywood as Chucky unleashes his own brand of murderous mayhem!",2004-11-11,102.731,1252,5.4,87,FALSE,"Comedy, Horror"
117,40012,Raising Jeffrey Dahmer,Raising Jeffrey Dahmer,en,"Based on the true story of the mass murderer Jeffrey Dahmer, the events within the family behind, and leading up to, his capture",2006-04-13,102.665,4,6.8,100,FALSE,"Drama, Horror"
118,9552,The Exorcist,The Exorcist,en,"12-year-old Regan MacNeil begins to adapt an explicit new personality as strange events befall the local area of Georgetown. Her mother becomes torn between science and superstition in a desperate bid to save her daughter, and ultimately turns to her last hope: Father Damien Karras, a troubled priest who is struggling with his own faith.",1973-12-26,101.991,6535,7.7,122,FALSE,Horror
119,723072,Host,Host,en,"Six friends hire a medium to hold a séance via Zoom during lockdown — but they get far more than they bargained for as things quickly go wrong. When an evil spirit starts invading their homes, they begin to realize they might not survive the night.",2020-12-04,101.167,599,6.5,57,FALSE,"Horror, Mystery, Thriller"
120,503736,Army of the Dead,Army of the Dead,en,"Following a zombie outbreak in Las Vegas, a group of mercenaries take the ultimate gamble: venturing into the quarantine zone to pull off the greatest heist ever attempted.",2021-05-14,99.777,3233,6.3,148,FALSE,"Action, Crime, Horror, Thriller"
121,871964,W lesie dziś nie zaśnie nikt 2,Nobody Sleeps in the Woods Tonight 2,pl,"When something horrible happens to the only survivor of a bloody massacre, an insecure rookie cop must overcome his fears to stop further carnage.",2021-10-27,99.361,244,4.7,97,FALSE,"Comedy, Horror, Thriller"
122,11186,Child's Play 2,Child's Play 2,en,"When Andy’s mother is admitted to a psychiatric hospital, the young boy is placed in foster care, andChucky, determined to claim Andy's soul, is not far behind.",1990-11-09,97.858,1434,6.2,84,FALSE,"Horror, Thriller"
123,2082,Halloween,Halloween,en,"After being committed for 17 years, Michael Myers, now a grown man and still very dangerous, escapes from the mental institution (where he was committed as a 10 year old) and he immediately returns to Haddonfield, where he wants to find his baby sister, Laurie. Anyone who crosses his path is in mortal danger",2007-08-31,97.161,1873,6.2,109,FALSE,Horror
124,676845,Juega Conmigo,Come Play With Me,es,"Sofia, an insecure young woman, begins babysitting two troublesome siblings that turn her job into a complete living hell. That is until a devilish presence starts messing with the trio and they must band together to fight the demon away.",2021-02-25,96.667,155,7,80,FALSE,Horror
125,617708,La Llorona,La Llorona,es,"Accused of the genocide of Mayan people, retired general Enrique is trapped in his mansion by massive protests. Abandoned by his staff, the indignant old man and his family must face the devastating truth of his actions and the growing sense that a wrathful supernatural force is targeting them for his crimes.",2019-07-25,96.391,271,6.4,97,FALSE,"Drama, Horror, Thriller"
126,630240,Titane,Titane,fr,"A woman with a metal plate in her head from a childhood car accident embarks on a bizarre journey, bringing her into contact with a firefighter who's reunited with his missing son after 10 years.",2021-07-14,96.198,903,6.5,108,FALSE,"Drama, Horror, Thriller"
127,839436,Dragon Fury,Dragon Fury,en,A group of soldiers are taken to the mountains of Wales to investigate a strange looking monster.,2021-06-15,96.114,38,6,88,FALSE,"Fantasy, Horror, Mystery"
128,25769,Carriers,Carriers,en,"A deadly virus has spread across the globe. Contagion is everywhere, no one is safe, and no one can be trusted. Four friends race through the back roads of the American West on their way to a secluded utopian beach in the Gulf of Mexico where they could peacefully wait out the pandemic. Their plans take a grim turn when their car breaks down on an isolated road starting a chain of events that will seal their fates.",2009-09-04,95.417,1174,6.1,84,FALSE,"Action, Drama, Horror, Science Fiction, Thriller"
129,396535,부산행,Train to Busan,ko,"When a zombie virus pushes Korea into a state of emergency, those trapped on an express train to Busan must fight for their own survival.",2016-07-20,94.624,5939,7.8,118,FALSE,"Action, Horror, Science Fiction, Thriller"
130,176,Saw,Saw,en,"Obsessed with teaching his victims the value of life, a deranged, sadistic serial killer abducts the morally wayward. Once captured, they must face impossible choices in a horrific game of survival. The victims must fight to win their lives back, or die trying...",2004-10-01,93.053,7650,7.4,103,FALSE,"Crime, Horror, Mystery"
131,895001,ปริศนารูหลอน,The Whole Truth,th,"When two siblings stumble on a strange hole in the wall of their grandparents' house, horrifying incidents reveal sinister secrets about their family.",2021-12-02,92.637,148,6.3,125,FALSE,"Drama, Horror, Mystery, Thriller"
132,70112,Dahmer vs. Gacy,Dahmer vs. Gacy,en,"A secret government lab run by Dr. Hess (Art LaFleur) has been trying to create the ultimate killer using the DNA of infamous killers Jeffrey Dahmer (Ford Austin) and John Wayne Gacy (Randal Malone), but there’s one big problem: they’ve escaped! Bloody mayhem stretches across the United States as they go on the ultimate killing spree. Trying to stop the maniacal madness is Ringo (Ford Austin), a hick warrior being trained by God (Harland Williams), using only a shotgun and a bottle of whiskey. In his road trip to hell, he must first fight off his own demons, not to mention an army of Japanese ninjas and a Super-serial killer (Ethan Phillips)! It all leads up to the ultimate showdown!",2010-04-24,91.27,5,1.8,90,FALSE,"Comedy, Horror"
133,316727,The Purge: Election Year,The Purge: Election Year,en,"Two years after choosing not to kill the man who killed his son, former police sergeant Leo Barnes has become head of security for Senator Charlene Roan, the front runner in the next Presidential election due to her vow to eliminate the Purge. On the night of what should be the final Purge, a betrayal from within the government forces Barnes and Roan out onto the street where they must fight to survive the night.",2016-06-29,91.119,4614,6.4,105,FALSE,"Action, Horror, Thriller"
134,480414,The Curse of La Llorona,The Curse of La Llorona,en,A social worker dealing with the disappearance of two children fears for her own family after beginning the investigation.,2019-04-17,90.991,1998,5.7,93,FALSE,"Horror, Thriller"
135,47044,The Secret Life: Jeffrey Dahmer,The Secret Life: Jeffrey Dahmer,en,"Based on the life of notorious serial killer Jeffrey Dahmer, who murdered 17 men and ate many of them before he was caught in 1991.",1993-01-01,90.394,16,5.2,99,FALSE,"Drama, Horror, Thriller"
136,739990,Nightbooks,Nightbooks,en,"Alex, a boy obsessed with scary stories, is trapped by a witch in her modern, magical New York City apartment. His original hair-raising tales are the only thing keeping him safe as he desperately tries to find a way out of this twisted place.",2021-09-15,90.055,274,6.4,103,FALSE,"Family, Fantasy, Horror"
137,9902,Wrong Turn,Wrong Turn,en,"Chris crashes into a carload of other young people, and the group of stranded motorists is soon lost in the woods of West Virginia, where they're hunted by three cannibalistic mountain men who are grossly disfigured by generations of inbreeding.",2003-05-30,90.04,2127,6.3,84,FALSE,"Horror, Thriller"
138,861057,Swim,Swim,en,"A family gets trapped in their storm flooded vacation rental, tries to escape from a hungry shark that made it's way into the house.",2021-08-13,89.783,37,6.5,87,FALSE,"Action, Horror"
139,11187,Child's Play 3,Child's Play 3,en,"Eight years have passed since the events of the second film. Chucky has been resurrected once again and seeks revenge on Andy, his former owner, who is now a teenager enrolled in military school.",1991-08-30,89.455,1234,5.9,90,FALSE,"Horror, Thriller"
140,338947,Hellraiser,Hellraiser,en,"A young woman struggling with addiction comes into possession of an ancient puzzle box, unaware that its purpose is to summon the Cenobites, a group of sadistic supernatural beings from another dimension.",2022-09-28,89.225,22,5.8,121,FALSE,"Horror, Mystery"
141,514847,The Hunt,The Hunt,en,"Twelve strangers wake up in a clearing. They don't know where they are—or how they got there. In the shadow of a dark internet conspiracy theory, ruthless elitists gather at a remote location to hunt humans for sport. But their master plan is about to be derailed when one of the hunted turns the tables on her pursuers.",2020-03-11,88.978,2477,6.7,90,FALSE,"Action, Horror, Thriller"
142,521029,Annabelle Comes Home,Annabelle Comes Home,en,"Determined to keep Annabelle from wreaking more havoc, demonologists Ed and Lorraine Warren bring the possessed doll to the locked artifacts room in their home, placing her “safely” behind sacred glass and enlisting a priest’s holy blessing. But an unholy night of horror awaits as Annabelle awakens the evil spirits in the room, who all set their sights on a new target—the Warrens' ten-year-old daughter, Judy, and her friends.",2019-06-26,88.826,2870,6.4,106,FALSE,"Horror, Mystery, Thriller"
143,619778,Malignant,Malignant,en,"Madison is paralyzed by shocking visions of grisly murders, and her torment worsens as she discovers that these waking dreams are in fact terrifying realities with a mysterious tie to her past.",2021-09-01,88.071,1647,6.9,111,FALSE,"Horror, Mystery, Thriller"
144,776797,哭悲,The Sadness,zh,"A young couple is pushed to the limits of sanity as they attempt to be reunited amid the chaos of a pandemic outbreak. The streets erupt into violence and depravity, as those infected are driven to enact the most cruel and ghastly things imaginable.",2021-01-22,87.317,366,6.7,99,FALSE,"Horror, Thriller"
145,676547,Prey for the Devil,Prey for the Devil,en,"In response to a global rise in demonic possessions, the Catholic Church reopens exorcism schools to train priests in the Rite of Exorcism. On this spiritual battlefield, an unlikely warrior rises: a young nun, Sister Ann. Thrust onto the spiritual frontline with fellow student Father Dante, Sister Ann finds herself in a battle for the soul of a young girl and soon realizes the Devil has her right where he wants her.",2022-10-26,86.758,0,0,93,FALSE,"Horror, Thriller"
146,675024,El Exorcismo de Carmen Farías,The Exorcism of Carmen Farias,es,"Carmen, a brave journalist, discovers soon after her mother's death that she has inherited her grandma's house. She decides to move there without knowing it hides dark secrets.",2021-05-05,86.707,93,6.1,93,FALSE,Horror
147,9373,The Texas Chainsaw Massacre,The Texas Chainsaw Massacre,en,"After picking up a traumatized young hitchhiker, five friends find themselves stalked and hunted by a chainsaw-wielding killer and his family of equally psychopathic killers.",2003-05-21,86.118,2163,6.2,98,FALSE,Horror
148,381288,Split,Split,en,"Though Kevin has evidenced 23 personalities to his trusted psychiatrist, Dr. Fletcher, there remains one still submerged who is set to materialize and dominate all the others. Compelled to abduct three teenage girls led by the willful, observant Casey, Kevin reaches a war for survival among all of those contained within him — as well as everyone around him — as the walls between his compartments shatter apart.",2016-11-15,85.707,15360,7.3,117,FALSE,"Horror, Thriller"
149,301804,Before I Wake,Before I Wake,en,An orphaned child's dreams—and nightmares—manifest physically as he sleeps.,2016-04-07,84.773,1560,6.4,97,FALSE,"Drama, Fantasy, Horror, Thriller"
150,493922,Hereditary,Hereditary,en,"When Ellen, the matriarch of the Graham family, passes away, her daughter's family begins to unravel cryptic and increasingly terrifying secrets about their ancestry.",2018-06-07,84.709,6057,7.3,128,FALSE,"Horror, Mystery, Thriller"
151,9532,Final Destination,Final Destination,en,"After a teenager has a terrifying vision of him and his friends dying in a plane crash, he prevents the accident only to have Death hunt them down, one by one.",2000-03-17,83.626,4585,6.6,98,FALSE,Horror
152,167032,Curse of Chucky,Curse of Chucky,en,"After the passing of her mother, Nica Pierce, a young woman in a wheelchair, is forced to deal with her sister, brother-in-law, niece and their nanny as they say their goodbyes to mother. But when people start turning up dead, Nica discovers the culprit might be a strange doll she received a few days earlier.",2013-10-04,82.858,1280,5.9,97,FALSE,"Horror, Thriller"
153,533642,Child's Play,Child's Play,en,"Karen, a single mother, gifts her son Andy a Buddi doll for his birthday, unaware of its more sinister nature. A contemporary re-imagining of the 1988 horror classic.",2019-06-19,82.168,1608,6,90,FALSE,Horror
154,576845,Last Night in Soho,Last Night in Soho,en,"A young girl, passionate about fashion design, is mysteriously able to enter the 1960s where she encounters her idol, a dazzling wannabe singer. But 1960s London is not what it seems, and time seems to be falling apart with shady consequences.",2021-10-21,81.785,2031,7.5,117,FALSE,"Fantasy, Horror, Mystery, Thriller"
155,158015,The Purge,The Purge,en,"Given the country's overcrowded prisons, the U.S. government begins to allow 12-hour periods of time in which all illegal activity is legal. During one of these free-for-alls, a family must protect themselves from a home invasion.",2013-05-31,81.585,7386,6.3,86,FALSE,"Horror, Science Fiction, Thriller"
156,396422,Annabelle: Creation,Annabelle: Creation,en,"Several years after the tragic death of their little girl, a doll maker and his wife welcome a nun and several girls from a shuttered orphanage into their home, soon becoming the target of the doll maker's possessed creation—Annabelle.",2017-08-03,81.021,4859,6.6,110,FALSE,"Horror, Mystery, Thriller"
157,754934,Son,Son,en,"When a young boy contracts a mysterious illness, his mother must decide how far she will go to protect him from terrifying forces in her past.",2021-03-18,80.972,206,6,98,FALSE,"Horror, Thriller"
158,786300,Tentacles,Tentacles,en,"A young Los Angeles couple Tara and Sam fall head over heels into a new romance, entwining their lives—until their intimacy transforms into something terrifying.",2021-02-12,78.121,90,6.2,84,FALSE,"Horror, Romance"
159,57084,Satánico pandemonium: la sexorcista,Satanic Pandemonium,es,"Sister Maria is known in the convent for her good works and charity, but, in the secret depths of her sexual fantasies, she is tormented by visions of another world - a world where her forbidden passions are allowed to run free. In this world Satan is her master. As her acts of violence and blasphemy mount, Maria realizes that she has been chosen by the Devil to destroy the convent and lead her sister nuns into hell!",1975-06-26,77.918,55,6.6,89,FALSE,"Horror, Mystery, Thriller"
160,636879,A Nun's Curse,A Nun's Curse,en,A group of travelers are forced to seek shelter inside an abandoned jail where a notorious nun named Sister Monday had once been assigned and was suspected of murdering prisoners.,2020-05-12,77.424,93,6.2,73,FALSE,Horror
161,6537,El orfanato,The Orphanage,es,"A woman brings her family back to her childhood home, which used to be an orphanage, intent on reopening it. Before long, her son starts to communicate with a new invisible friend.",2007-05-20,76.355,2442,7.2,105,FALSE,"Drama, Horror, Thriller"
162,607383,Aquaslash,Aquaslash,en,"To celebrate their graduation, the teenagers from Valley Hills High School have organized an ’80s-themed party at the old Wet Valley water park. Things turn gruesome when it's revealed that a mysterious maniac has inserted giant razor blades into one of the water slides. The water park thus becomes the backdrop for a bloodbath (literally), and everyone is a suspect...",2019-07-29,75.81,124,4.2,72,FALSE,"Comedy, Horror"
163,60304,Hansel & Gretel: Witch Hunters,Hansel & Gretel: Witch Hunters,en,"After getting a taste for blood as children, Hansel and Gretel have become the ultimate vigilantes, hell-bent on retribution. Now, unbeknownst to them, Hansel and Gretel have become the hunted, and must face an evil far greater than witches... their past.",2013-01-17,75.4,6015,6,88,FALSE,"Action, Fantasy, Horror"
164,751237,Umma,Umma,en,"Amanda and her daughter live a quiet life on an American farm, but when the remains of her estranged mother arrive from Korea, Amanda becomes haunted by the fear of turning into her own mother.",2022-03-18,74.957,162,5.6,83,FALSE,"Horror, Mystery"
165,565,The Ring,The Ring,en,Rachel Keller is a journalist investigating a videotape that may have killed four teenagers. There is an urban legend about this tape: the viewer will die seven days after watching it. Rachel tracks down the video... and watches it. Now she has just seven days to unravel the mystery of the Ring so she can save herself and her son.,2002-10-18,73.898,5208,6.6,115,FALSE,"Horror, Mystery"
166,55779,Final Destination 5,Final Destination 5,en,"In this fifth installment, Death is just as omnipresent as ever, and is unleashed after one man’s premonition saves a group of coworkers from a terrifying suspension bridge collapse. But this group of unsuspecting souls was never supposed to survive, and, in a terrifying race against time, the ill-fated group frantically tries to discover a way to escape Death’s sinister agenda.",2011-08-12,73.733,2809,6.1,92,FALSE,"Horror, Mystery"
167,126889,Alien: Covenant,Alien: Covenant,en,"Bound for a remote planet on the far side of the galaxy, the crew of the colony ship 'Covenant' discovers what is thought to be an uncharted paradise, but is actually a dark, dangerous world—which has a sole inhabitant: the 'synthetic', David, survivor of the doomed Prometheus expedition.",2017-05-09,73.672,7298,6.1,122,FALSE,"Horror, Mystery, Science Fiction"
168,49018,Insidious,Insidious,en,"A family discovers that dark spirits have invaded their home after their son inexplicably falls into an endless sleep. When they reach out to a professional for help, they learn things are a lot more personal than they thought.",2010-09-13,73.643,5689,6.9,103,FALSE,"Horror, Thriller"
169,440,Aliens vs Predator: Requiem,Aliens vs Predator: Requiem,en,"The iconic creatures from two of the scariest film franchises in movie history wage their most brutal battle ever—in our own backyard. The small town of Gunnison, Colorado becomes a war zone between two of the deadliest extra-terrestrial life forms—the Alien and the Predator. When a Predator scout ship crash-lands in the hills outside the town, Alien Facehuggers and a hybrid Alien/Predator are released and begin to terrorize the town.",2007-12-25,73.039,2334,5.1,94,FALSE,"Action, Fantasy, Horror, Science Fiction, Thriller"
170,227348,Paranormal Activity: The Marked Ones,Paranormal Activity: The Marked Ones,en,"Seventeen-year-old Jesse has been hearing terrifying sounds coming from his neighbor’s apartment, but when he turns on his camera and sets out to uncover their source, he encounters an ancient evil that won’t rest until it’s claimed his very soul.",2014-01-01,73.028,1235,5.4,84,FALSE,"Horror, Thriller"
171,257445,Goosebumps,Goosebumps,en,"After moving to a small town, Zach Cooper finds a silver lining when he meets next door neighbor Hannah, the daughter of bestselling Goosebumps series author R.L. Stine. When Zach unintentionally unleashes real monsters from their manuscripts and they begin to terrorize the town, it’s suddenly up to Stine, Zach and Hannah to get all of them back in the books where they belong.",2015-08-05,72.726,3302,6.3,103,FALSE,"Adventure, Comedy, Horror"
172,6466,Freddy vs. Jason,Freddy vs. Jason,en,"In an attempt to free himself from a state of forgotten limbo, evil dream-demon Freddy Krueger devises a plan to manipulate un-dead mass murderer Jason Voorhees  into slicing-and-dicing his way through the teenage population of Springwood.  But when the master of dreams loses control of his monster, a brutal fight to the death is the only way out.",2003-08-15,72.488,2084,6,97,FALSE,Horror
173,874924,Smile,Smile,en,"After continuous torment by his father, a young boy begins his transformation into one of the most infamous comic book villains of all time.",2013-12-01,72.103,0,0,24,FALSE,"Horror, Thriller"
174,23827,Paranormal Activity,Paranormal Activity,en,"After a young, middle-class couple moves into what seems like a typical suburban house, they become increasingly disturbed by a presence that may or may not be demonic but is certainly the most active in the middle of the night.  Followed by five terrifying installments in the franchise, this is the original found-footage shocker that started it all.",2007-09-14,71.944,4309,6,85,FALSE,"Horror, Mystery"
175,740925,No One Gets Out Alive,No One Gets Out Alive,en,An immigrant in search of the American dream is forced to take a room in a boarding house and soon finds herself in a nightmare from which she can't escape.,2021-09-29,71.919,459,6,85,FALSE,"Horror, Mystery, Thriller"
176,7342,Carrie,Carrie,en,"Carrie White is a lonely and painfully shy teenage girl with telekinetic powers who is slowly pushed to the edge of insanity by frequent bullying from both classmates at her school, and her own religious, but abusive, mother.",2002-11-04,71.769,379,6.1,132,FALSE,"Drama, Horror, TV Movie"
177,590995,The Craft: Legacy,The Craft: Legacy,en,An eclectic foursome of aspiring teenage witches get more than they bargained for as they lean into their newfound powers.,2020-10-28,71.202,615,6.3,94,FALSE,"Drama, Fantasy, Horror"
178,23202,Trick 'r Treat,Trick 'r Treat,en,"Four interwoven stories that occur on Halloween: an everyday high school principal has a secret life as a serial killer; a college virgin might have just met the one guy for her; a group of teenagers pull a mean prank, and a bitter old recluse receives an uninvited guest.",2007-10-26,70.923,1457,7,82,FALSE,Horror
179,10781,The Texas Chainsaw Massacre: The Beginning,The Texas Chainsaw Massacre: The Beginning,en,"Chrissie and her friends set out on a road trip for a final fling before one is shipped off to Vietnam. Along the way, bikers harass the foursome and cause an accident that throws Chrissie from the vehicle. The lawman who arrives on the scene kills one of the bikers and brings Chrissie's friends to the Hewitt homestead, where young Leatherface is learning the tools of terror.",2006-10-05,69.979,1445,6.1,91,FALSE,"Horror, Thriller"
180,745881,랑종,The Medium,th,A horrifying story of a shaman’s inheritance in the Isan region of Thailand. But the goddess that appears to have taken possession of a family member turns out not to be as benevolent as it first appears.,2021-07-14,69.784,429,7,131,FALSE,"Horror, Thriller"
181,310131,The Witch,The Witch,en,"In 1630, a farmer relocates his family to a remote plot of land on the edge of a forest where strange, unsettling things happen. With suspicion and paranoia mounting, each family member's faith, loyalty and love are tested in shocking ways.",2015-01-27,69.655,5790,6.9,92,FALSE,"Drama, Fantasy, Horror, Mystery"
182,664356,The Cannibal Killer: The Real Story of Jeffrey Dahmer,The Cannibal Killer: The Real Story of Jeffrey Dahmer,en,"This is a fictitious, yet mostly historically accurate account of Jeffrey Dahmer's life as a serial killer, as narrated by Jeffrey Dahmer (Giancarlo Herrera) using many actual quotes. It shows part of his boyhood, and his first murder as a teenager. There are realistic depictions of several of his murders from pick up to dismemberment and eventual consumption, as well as his attempts to create ""living zombies"" by pouring hydrochloric acid into his victim's skulls. Dahmer's frequent interactions with his friendly neighbor and his grandmother are also shown. In essence, the story explores the psychodynamics of Jeffrey Dahmer's relationships with his victims both pre and postmortem.",2020-01-15,69.461,1,2,0,FALSE,Horror
183,8329,[REC],[REC],es,A television reporter and cameraman follow emergency workers into a dark apartment building and are quickly locked inside with something terrifying.,2007-11-23,68.845,3576,7.2,78,FALSE,"Horror, Mystery"
184,681019,W lesie dziś nie zaśnie nikt,Nobody Sleeps in the Woods Tonight,pl,"Addicted to technology, a group of teens attends a rehabilitation camp in the forest, but a sinister force there intends to take them offline forever.",2020-03-13,68.493,535,5.3,102,FALSE,"Horror, Thriller"
185,419430,Get Out,Get Out,en,"Chris and his girlfriend Rose go upstate to visit her parents for the weekend. At first, Chris reads the family's overly accommodating behavior as nervous attempts to deal with their daughter's interracial relationship, but as the weekend progresses, a series of increasingly disturbing discoveries lead him to a truth that he never could have imagined.",2017-02-24,68.431,14721,7.6,104,FALSE,"Horror, Mystery, Thriller"
186,11152,The Ruins,The Ruins,en,"Americans Amy, Stacy, Jeff and Eric look for fun during a sunny holiday in Mexico, but they get much more than that after visiting an archaeological dig in the jungle.",2008-04-02,68.279,908,5.9,91,FALSE,Horror
187,250546,Annabelle,Annabelle,en,A couple begins to experience terrifying supernatural occurrences involving a vintage doll shortly after their home is invaded by satanic cultists.,2014-10-02,68.243,5341,5.7,99,FALSE,Horror
188,11357,Halloween 4: The Return of Michael Myers,Halloween 4: The Return of Michael Myers,en,"The apparently comatose Michael Myers is being transferred from one hospital to another, but he wakes up when the ambulance crew talk about his surviving niece, Jamie. After slaughtering his attendants, Myers sets out to find his one living relative who is, fortunately, being cared for by a kind and resourceful foster sister named Rachel. Meanwhile, the ever-cautious Dr. Loomis remains on the killer's path.",1988-10-21,68.198,1311,6.1,88,FALSE,"Horror, Thriller"
189,91586,Insidious: Chapter 2,Insidious: Chapter 2,en,The haunted Lambert family seeks to uncover the mysterious childhood secret that has left them dangerously connected to the spirit world.,2013-09-12,68.172,3528,6.7,106,FALSE,"Horror, Thriller"
190,4232,Scream,Scream,en,"A killer known as Ghostface begins killing off teenagers, and as the body count begins rising, one girl and her friends find themselves contemplating the 'rules' of horror films as they try to survive a real-life one.",1996-12-20,67.783,5318,7.4,112,FALSE,"Crime, Horror, Mystery"
191,715658,The Scientist,The Scientist,en,"An unconventional scientist, struggling to care for his terminally-ill wife, embarks on a journey to develop a cure for her. However, his methods of treatment and tampering with human DNA, could lead to the extinction of humanity.",2020-09-21,67.702,99,6.2,94,FALSE,"Drama, Horror"
192,37169,The Human Centipede (First Sequence),The Human Centipede (First Sequence),en,"During a stopover in Germany in the middle of a carefree road trip through Europe, two American girls find themselves alone at night when their car breaks down in the woods. Searching for help at a nearby villa, they are wooed into the clutches of a deranged retired surgeon who explains his mad scientific vision to his captives' utter horror. They are to be the subjects of his sick lifetime fantasy: to be the first to connect people, one to the next, and in doing so bring to life ""the human centipede.""",2009-04-26,67.63,1772,5.2,92,FALSE,Horror
193,52520,Underworld: Awakening,Underworld: Awakening,en,"Having escaped years of imprisonment, vampire warrioress Selene finds herself in a changed world where humans have discovered the existence of both Vampire and Lycan clans and are conducting an all-out war to eradicate both immortal species. Now Selene must battle the humans and a frightening new breed of super Lycans to ensure the death dealers' survival.",2012-01-19,67.467,3573,6.3,88,FALSE,"Action, Fantasy, Horror"
194,9286,Final Destination 3,Final Destination 3,en,"A student's premonition of a deadly rollercoaster ride saves her life and a lucky few, but not from death itself – which seeks out those who escaped their fate.",2006-02-09,67.459,3174,6.1,93,FALSE,"Horror, Mystery"
195,602734,Spiral: From the Book of Saw,Spiral: From the Book of Saw,en,"Working in the shadow of an esteemed police veteran, brash Detective Ezekiel “Zeke” Banks and his rookie partner take charge of a grisly investigation into murders that are eerily reminiscent of the city’s gruesome past.  Unwittingly entrapped in a deepening mystery, Zeke finds himself at the center of the killer’s morbid game.",2021-05-12,67.251,1362,6.1,93,FALSE,"Crime, Horror, Mystery"
196,591275,Fear Street: 1666,Fear Street: 1666,en,"In 1666, a colonial town is gripped by a hysterical witch-hunt that has deadly consequences for centuries to come, and it's up to teenagers in 1994 to finally put an end to their town's curse, before it's too late.",2021-07-14,66.278,1251,7.3,114,FALSE,"Horror, Mystery"
197,273477,Scouts Guide to the Zombie Apocalypse,Scouts Guide to the Zombie Apocalypse,en,"Three scouts and lifelong friends join forces with one badass cocktail waitress to become the world’s most unlikely team of heroes.  When their peaceful town is ravaged by a zombie invasion, they’ll fight for the badge of a lifetime and put their scouting skills to the test to save mankind from the undead.",2015-10-23,66.029,1580,6.5,93,FALSE,"Comedy, Horror"
198,670429,Witch Hunt,Witch Hunt,en,"In a modern America where witches are real and witchcraft is illegal, a sheltered teenager must face her own demons and prejudices as she helps two young witches avoid law enforcement and cross the southern border to asylum in Mexico.",2021-10-01,65.909,210,6.9,92,FALSE,"Drama, Fantasy, Horror, Thriller"
199,295830,進撃の巨人 ATTACK ON TITAN,Attack on Titan,ja,"100 years ago, titans suddenly appeared on Earth. Soon, human civilization veered on collapse due to the titans. Humans then built a giant wall to defend themselves. Within the giant walls, humans lived in peace, but, 100 years later, the giant wall is broken.",2015-08-01,65.388,586,5.9,98,FALSE,"Action, Fantasy, Horror, Science Fiction"
200,82507,Sinister,Sinister,en,"Found footage helps a true-crime novelist realize how and why a family was murdered in his new home, though his discoveries put his entire family in the path of a supernatural entity.",2012-03-29,65.319,4563,6.8,110,FALSE,"Horror, Mystery, Thriller"
201,19908,Zombieland,Zombieland,en,"Columbus has made a habit of running from what scares him. Tallahassee doesn't have fears. If he did, he'd kick their ever-living ass. In a world overrun by zombies, these two are perfectly evolved survivors. But now, they're about to stare down the most terrifying prospect of all: each other.",2009-10-07,65.001,10704,7.3,88,FALSE,"Comedy, Horror"
202,442062,Goosebumps 2: Haunted Halloween,Goosebumps 2: Haunted Halloween,en,"Two boys face an onslaught from witches, monsters, ghouls and a talking dummy after they discover a mysterious book by author R. L. Stine.",2018-10-11,64.989,1234,6.1,90,FALSE,"Adventure, Comedy, Family, Fantasy, Horror"
203,720026,Butchers,Butchers,en,"A family of sadistic butchers lives deep inside the backcountry. From the dead of winter to the dog days of summer, anyone who crosses their path is dead meat.",2020-10-15,64.786,152,5,93,FALSE,Horror
204,926980,Das Privileg - Die Auserwählten,The Privilege,de,A wealthy teen and his friends attending an elite private school uncover a dark conspiracy while looking into a series of strange supernatural events.,2022-02-09,64.231,179,5.1,107,FALSE,Horror
205,9358,Final Destination 2,Final Destination 2,en,"When Kimberly has a violent premonition of a highway pileup she blocks the freeway, keeping a few others meant to die, safe...Or are they? The survivors mysteriously start dying and it's up to Kimberly to stop it before she's next.",2003-01-31,64.18,3321,6.2,90,FALSE,"Horror, Mystery"
206,647302,Benny Loves You,Benny Loves You,en,"Jack, a man desperate to improve his life, throws away his beloved childhood plush, Benny. It’s a move that has disastrous consequences when Benny springs to life with deadly intentions!",2019-11-21,63.524,139,6.2,94,FALSE,"Comedy, Horror"
207,460019,Truth or Dare,Truth or Dare,en,"A harmless game of ""Truth or Dare"" among friends turns deadly when someone—or something—begins to punish those who tell a lie—or refuse the dare.",2018-04-12,63.521,3562,6,101,FALSE,"Horror, Thriller"
208,447332,A Quiet Place,A Quiet Place,en,A family is forced to live in silence while hiding from creatures that hunt by sound.,2018-04-03,63.493,12032,7.4,91,FALSE,"Drama, Horror, Science Fiction"
209,694,The Shining,The Shining,en,"Jack Torrance accepts a caretaker job at the Overlook Hotel, where he, along with his wife Wendy and their son Danny, must live isolated from the rest of the world for the winter. But they aren't prepared for the madness that lurks within.",1980-05-23,63.472,14911,8.2,144,FALSE,"Horror, Thriller"
210,346672,Underworld: Blood Wars,Underworld: Blood Wars,en,"Vampire death dealer Selene fends off brutal attacks from both the Lycan clan and the Vampire faction that betrayed her. With her only allies, David and his father Thomas, she must stop the eternal war between Lycans and Vampires, even if it means she has to make the ultimate sacrifice.",2016-11-24,63.45,3221,5.8,91,FALSE,"Action, Fantasy, Horror, Thriller"
211,9003,Hellraiser,Hellraiser,en,"When he tinkers with a box he bought while abroad, sexual deviant Frank inadvertently opens a portal to hell, where fetish-demons led by Pinhead tear his body apart. When Frank’s brother and his wife move into his house, a skeletal Frank appears to his sister-in-law and asks her to supply him with corpses for his regeneration.",1987-09-11,63.431,1933,6.9,93,FALSE,"Fantasy, Horror"
212,10066,House of Wax,House of Wax,en,A group of unwitting teens are stranded near a strange wax museum and soon must fight to survive and keep from becoming the next exhibit.,2005-04-30,63.255,2505,5.9,113,FALSE,"Horror, Thriller"
213,397243,The Autopsy of Jane Doe,The Autopsy of Jane Doe,en,"Father and son coroners receive a mysterious unidentified corpse with no apparent cause of death. As they attempt to examine the ""Jane Doe,"" they discover increasingly bizarre clues that hold the key to her terrifying secrets.",2016-12-21,63.234,3423,6.7,86,FALSE,"Horror, Mystery"
214,581392,반도,Peninsula,ko,A soldier and his team battle hordes of post-apocalyptic zombies in the wastelands of the Korean Peninsula.,2020-07-15,62.868,1971,6.8,116,FALSE,"Action, Horror, Thriller"
215,9792,The Hills Have Eyes,The Hills Have Eyes,en,"Based on Wes Craven's 1977 suspenseful cult classic, The Hills Have Eyes is the story of a family road trip that goes terrifyingly awry when the travelers become stranded in a government atomic zone. Miles from nowhere, the Carter family soon realizes the seemingly uninhabited wasteland is actually the breeding ground of a blood-thirsty mutant family...and they are the prey.",2006-03-10,62.574,2447,6.4,107,FALSE,"Horror, Thriller"
216,565028,Candyman,Candyman,en,"Anthony and his partner move into a loft in the now gentrified Cabrini-Green. After a chance encounter with an old-timer exposes Anthony to the true story behind Candyman, he unknowingly opens a door to a complex past that unravels his own sanity and unleashes a terrifying wave of violence.",2021-08-25,62.465,1108,6.1,91,FALSE,"Horror, Mystery, Thriller"
217,793002,Dreamcatcher,Dreamcatcher,en,"The film centers on two estranged sisters who, along with their friends, become entrenched in a 48 hour whirlwind of violence after a traumatic experience at an underground music festival.",2021-03-05,62.464,93,6,90,FALSE,"Horror, Mystery, Thriller"
218,11284,Freddy's Dead: The Final Nightmare,Freddy's Dead: The Final Nightmare,en,"Just when you thought it was safe to sleep, Freddy Krueger returns in this sixth installment of the Nightmare on Elm Street films, as psychologist Maggie Burroughs, tormented by recurring nightmares, meets a patient with the same horrific dreams. Their quest for answers leads to a certain house on Elm Street -- where the nightmares become reality.",1991-09-05,61.784,1029,5.3,89,FALSE,"Horror, Thriller"
219,13207,Friday the 13th,Friday the 13th,en,A group of young adults visit a boarded up campsite named Crystal Lake where they soon encounter the mysterious Jason Voorhees and his deadly intentions.,2009-02-11,61.753,2106,5.8,97,FALSE,Horror
220,238636,The Purge: Anarchy,The Purge: Anarchy,en,"One night per year, the government sanctions a 12-hour period in which citizens can commit any crime they wish -- including murder -- without fear of punishment or imprisonment. Leo, a sergeant who lost his son, plans a vigilante mission of revenge during the mayhem. However, instead of a death-dealing avenger, he becomes the unexpected protector of four innocent strangers who desperately need his help if they are to survive the night.",2014-07-17,61.71,5695,6.7,104,FALSE,"Horror, Thriller"
221,509635,Alone,Alone,en,"A recently widowed traveler is kidnapped by a cold blooded killer, only to escape into the wilderness where she is forced to battle against the elements as her pursuer closes in on her.",2020-09-10,61.413,474,6.3,98,FALSE,"Horror, Thriller"
222,116322,La Leyenda de la Llorona,The Legend of La Llorona,es,"Based on a famous Mexican legend, a group of kids must stop the ghost of a woman whose guilt over the drowning of her own children leads her to abduct youngsters who wander the woods at night.",2011-10-21,61.125,191,7.8,81,FALSE,"Animation, Family, Fantasy, Horror"
223,348,Alien,Alien,en,"During its return to the earth, commercial spaceship Nostromo intercepts a distress signal from a distant planet. When a three-member team of the crew discovers a chamber containing thousands of eggs on the planet, a creature inside one of the eggs attacks an explorer. The entire crew is unaware of the impending nightmare set to descend upon them when the alien parasite planted inside its unfortunate host is birthed.",1979-05-25,60.982,12083,8.1,117,FALSE,"Horror, Science Fiction"
224,777620,Caged,Caged,en,"An African American male is imprisoned and placed in solitary confinement after being found guilty of murdering his wife, as he's haunted by internal demons and his dead wife, and pushed to the breaking point by an abusive female guard.",2021-01-26,60.884,86,6.7,81,FALSE,"Horror, Thriller"
225,420634,Terrifier,Terrifier,en,"On Halloween night, a young woman finds herself as the obsession of a sadistic murderer known as Art the Clown.",2016-10-15,60.726,612,6.5,84,FALSE,"Horror, Thriller"
226,585216,Escape Room: Tournament of Champions,Escape Room: Tournament of Champions,en,"Six people unwittingly find themselves locked in another series of escape rooms, slowly uncovering what they have in common to survive as they discover all the games that they've played before.",2021-07-01,60.72,1341,6.7,88,FALSE,"Horror, Mystery, Thriller"
227,19994,Jennifer's Body,Jennifer's Body,en,"Jennifer, a gorgeous, seductive cheerleader takes evil to a whole new level after she's possessed by a sinister demon. Now it's up to her best friend to stop Jennifer's reign of terror before it's too late.",2009-09-18,60.685,3104,5.8,107,FALSE,"Comedy, Horror"
228,259072,Wrong Turn 6: Last Resort,Wrong Turn 6: Last Resort,en,"A sudden and mysterious inheritance brings Danny and his friends to Hobb Springs, a forgotten resort deep in the West Virginia hills. Hobb Springs is being looked after under the watchful care of Jackson and Sally, a socially awkward couple who introduce Danny to the long lost family he's never known. A clan by the name of Hillicker. But soon Danny learns his relatives have a different way of living, that for generations, the Hillickers have observed ancient traditions rooted in cannibalism and other taboo rituals.",2014-08-22,60.624,664,5.3,91,FALSE,Horror
229,215,Saw II,Saw II,en,"When a new murder victim is discovered with all the signs of Jigsaw's hand, Detective Eric Matthews begins a full investigation and apprehends Jigsaw with little effort. But for Jigsaw, getting caught is just another part of his plan. Eight more of his victims are already fighting for their lives and now it's time for Matthews to join the game.",2005-10-28,60.408,4357,6.6,89,FALSE,Horror
230,523931,Megalodon,Megalodon,en,"A military vessel on the search for an unidentified submersible finds themselves face to face with a giant shark, forced to use only what they have on board to defend themselves from the monstrous beast.",2018-08-10,60.183,223,5.7,90,FALSE,"Action, Horror, Science Fiction, TV Movie"
231,575088,Яга. Кошмар тёмного леса,Baba Yaga: Terror of the Dark Forest,ru,"The young family who moved to a new apartment on the outskirts of the city. The nanny hired by them for the newborn daughter quickly gained confidence. However, the older boy, Egor, talks about the frightening behavior of a woman, but his parents do not believe him. The surveillance cameras installed by the father for comfort only confirm everything is in order. Then one day, Egor, returning home, finds no trace of either the nanny or the little sister, and the parents are in a strange trance and do not even remember that they had a daughter. Then Egor, together with his friends, goes in search, during which it turns out that the nanny is an ancient Slavic demon, popularly known as Baba Yaga.",2020-02-27,59.92,187,5.9,96,FALSE,Horror
232,524251,I See You,I See You,en,"When a 12-year-old boy goes missing, lead investigator Greg Harper struggles to balance the pressure of the investigation and troubles with his wife, Jackie. Facing a recent affair, great strain is put on the family that slowly gnaws away at Jackie's grip on reality. But after a malicious presence manifests itself in their home and puts their son, Connor, in mortal danger, the cold, hard truth about evil in the Harper household is finally uncovered.",2019-09-11,59.919,1041,7,98,FALSE,"Crime, Horror, Mystery, Thriller"
233,24150,Halloween II,Halloween II,en,"Laurie Strode struggles to come to terms with her brother Michael's deadly return to Haddonfield, Illinois. Meanwhile, Michael prepares for another reunion with his sister.",2009-08-28,59.789,1120,5.4,105,FALSE,Horror
234,340382,進撃の巨人 ATTACK ON TITAN エンド オブ ザ ワールド,Attack on Titan II: End of the World,ja,"Eren leaves to restore a break in the wall destroyed by a Titan. He comes under attack by the Titans and is cornered. Shikishima comes to his aid. The titans never stops attacking.  Eren is now injured and tries to protect Armin, but is swallowed by a titan. A Titan with black hair appears and begins to expel the other titans.",2015-09-01,59.771,232,5.9,87,FALSE,"Action, Fantasy, Horror, Science Fiction"
235,16871,Drag Me to Hell,Drag Me to Hell,en,"After denying a woman the extension she needs to keep her home, loan officer Christine Brown sees her once-promising life take a startling turn for the worse. Christine is convinced she's been cursed by a Gypsy, but her boyfriend is skeptical. Her only hope seems to lie in a psychic who claims he can help her lift the curse and keep her soul from being dragged straight to hell.",2009-03-15,59.708,3052,6.4,99,FALSE,"Horror, Thriller"
236,839440,Dinosaur Hotel,Dinosaur Hotel,en,"Sienna is desperate to win a large cash prize in a secret underground game show. However, Dinosaur's begin to hunt her down for the entertainment of the rich and wealthy. Can she be the last to survive the horrific night to win the prize?",2021-06-11,59.573,63,5.2,77,FALSE,"Horror, Mystery, Science Fiction"
237,11237,Anacondas: The Hunt for the Blood Orchid,Anacondas: The Hunt for the Blood Orchid,en,"The blood orchid - a rare flower that could hold the secret of eternal life and be worth a fortune to the company that finds it. Led by a pharmaceutical research team, a scientific expedition sets out to explore deep into the jungles of Borneo to locate and bring back samples of the legendary plant. Battling through rainstorms to make their way upriver, the group encounters poisonous insects and a ferocious crocodile, only to discover they're being stalked by an even greater danger: a gathering of giant anacondas! Heat-sensing, fifty-foot-long flesh-eaters that'll go after anyone that crosses their path!",2004-08-26,59.552,765,5.4,96,FALSE,"Action, Adventure, Horror"
238,14001,Dead Silence,Dead Silence,en,"Jamie returns to his hometown in search of answers to his wife's murder, which occurred after receiving a weird package containing a ventriloquist dummy named Billy, which may be linked to the legend of ventriloquist Mary Shaw. Destined to find out the truth, Jamie goes to the town of Raven's Fair, where Shaw used to perform and is buried. But Jamie is in for more than he expected.",2007-03-16,59.495,1893,6.4,89,FALSE,Horror
239,214,Saw III,Saw III,en,"Jigsaw has disappeared. Along with his new apprentice Amanda, the puppet-master behind the cruel, intricate games that have terrified a community and baffled police has once again eluded capture and vanished. While city detective scramble to locate him, Doctor Lynn Denlon and Jeff Reinhart are unaware that they are about to become the latest pawns on his vicious chessboard.",2006-10-27,59.343,3653,6.4,114,FALSE,"Crime, Horror, Thriller"
240,4488,Friday the 13th,Friday the 13th,en,Camp counselors are stalked and murdered by an unknown assailant while trying to reopen a summer camp that was the site of a child's drowning.,1980-05-09,58.957,2289,6.4,95,FALSE,Horror
241,530385,Midsommar,Midsommar,en,"Several friends travel to Sweden to study as anthropologists a summer festival that is held every ninety years in the remote hometown of one of them. What begins as a dream vacation in a place where the sun never sets, gradually turns into a dark nightmare as the mysterious inhabitants invite them to participate in their disturbing festive activities.",2019-07-03,58.67,5237,7.1,147,FALSE,"Drama, Horror, Mystery"
242,338967,Zombieland: Double Tap,Zombieland: Double Tap,en,"Columbus, Tallahassee, Wichita, and Little Rock move to the American heartland as they face off against evolved zombies, fellow survivors, and the growing pains of the snarky makeshift family.",2019-10-09,58.248,4691,7,99,FALSE,"Comedy, Horror"
243,11361,Halloween 5: The Revenge of Michael Myers,Halloween 5: The Revenge of Michael Myers,en,"Presumed dead after a shoot-out with the Haddonfield police, Michael Myers is secretly nursed back to health -- and returns a year later to kill again and once more targets his young niece, Jamie. Jamie is now recovering in the local children's hospital after attacking her stepmother and losing her voice. Her mental link with her evil uncle may be the key to uprooting her family tree.",1989-10-12,58.22,927,5.4,97,FALSE,"Horror, Thriller"
244,36647,Blade,Blade,en,"The Daywalker known as ""Blade"" - a half-vampire, half-mortal man - becomes the protector of humanity against an underground army of vampires.",1998-08-21,57.899,4965,6.7,121,FALSE,"Action, Horror"
245,43947,I Spit on Your Grave,I Spit on Your Grave,en,"Jennifer is a writer working on a new novel and, needing to get out of the city to finish it, hires a riverside apartment in upstate New York to finish her book—attracting the attention of a number of rowdy male locals.",2010-06-17,57.811,1836,6.5,108,FALSE,"Crime, Horror, Thriller"
246,30497,The Texas Chain Saw Massacre,The Texas Chain Saw Massacre,en,"When Sally hears that her grandfather's grave may have been vandalized, she and her paraplegic brother, Franklin, set out with their friends to investigate. After a detour to their family's old farmhouse, they discover a group of crazed, murderous outcasts living next door. As the group is attacked one by one by the chainsaw-wielding Leatherface, who wears a mask of human skin, the survivors must do everything they can to escape.",1974-10-01,57.809,2525,7.3,83,FALSE,Horror
247,793967,Phobias,Phobias,en,"Five dangerous patients, suffering from extreme phobias at a government testing facility, are put to the ultimate test under the supervision of a crazed doctor and his quest to weaponize fear.",2021-02-28,57.696,35,5.2,85,FALSE,"Horror, Thriller"
248,22970,The Cabin in the Woods,The Cabin in the Woods,en,"Five friends go for a break at a remote cabin, where they get more than they bargained for, discovering the truth behind the cabin in the woods.",2012-04-12,57.429,6741,6.6,95,FALSE,"Fantasy, Horror"
249,732713,Evil Eye,Evil Eye,en,A seemingly perfect romance turns dark when a mother becomes convinced her daughter’s new boyfriend has a sinister connection to her own past.,2020-04-01,57.106,135,5.5,90,FALSE,"Horror, Mystery, Thriller"
250,714277,La funeraria,The Funeral Home,es,"Bernardo is an undertaker. He runs his mortuary business in the same house where he resides. In the front, he has his clients. And in the back, his dysfunctional family lives amongst coffins, wreaths, and the mischievous but nonviolent ghosts that visit on a daily basis. But when a malevolent entity enters the scene, it wreaks havoc on the already fractured household.",2021-04-15,56.856,24,4.5,86,FALSE,Horror
251,611651,Sator,Sator,en,"Secluded in a desolate forest, a broken family is observed by Sator, a supernatural entity who is attempting to claim them.",2019-07-21,56.6,84,5.2,85,FALSE,Horror
252,1091,The Thing,The Thing,en,"Members of an American scientific research outpost in Antarctica find themselves battling a parasitic alien organism capable of perfectly imitating its victims. They soon discover that this task will be harder than they thought, as they don't know which members of the team have already been assimilated and their paranoia threatens to tear them apart.",1982-06-25,56.545,5566,8,109,FALSE,"Horror, Mystery, Science Fiction"
253,441701,Verónica,Veronica,es,"Madrid, June 1991. After celebrating a session of Ouija with her friends, Verónica is besieged by dangerous supernatural presences that threaten to harm her entire family.",2017-08-25,56.39,1474,6.2,105,FALSE,Horror
254,406563,Insidious: The Last Key,Insidious: The Last Key,en,"Parapsychologist Elise Rainier and her team travel to Five Keys, NM, to investigate a man’s claim of a haunting. Terror soon strikes when Rainier realizes that the house he lives in was her family’s old home.",2018-01-03,56.103,2313,6.2,103,FALSE,"Horror, Mystery, Thriller"
255,839678,Unhuman,Unhuman,en,"After their school bus crashes, a group of high school students is thrown into a terrifying fight for survival as they try to take down a group of unhuman savages… before they kill each other first.",2022-06-03,56,59,5.7,87,FALSE,"Comedy, Horror"
256,675327,Shadow in the Cloud,Shadow in the Cloud,en,A WWII pilot traveling with top secret documents on a B-17 Flying Fortress encounters an evil presence on board the flight.,2020-12-31,55.991,652,5.7,83,FALSE,"Action, Horror, War"
257,76617,Texas Chainsaw 3D,Texas Chainsaw 3D,en,"A young woman learns that she has inherited a Texas estate from her deceased grandmother. After embarking on a road trip with friends to uncover her roots, she finds she is the sole owner of a lavish, isolated Victorian mansion. But her newfound wealth comes at a price as she stumbles upon a horror that awaits her in the mansion’s dank cellars.",2013-01-03,55.817,1346,5.5,92,FALSE,"Horror, Thriller"
258,72571,Paranormal Activity 3,Paranormal Activity 3,en,"In 1988, young sisters Katie and Kristi befriend an invisible entity who resides in their home.",2011-10-19,55.508,1878,5.9,94,FALSE,"Horror, Mystery"
259,792657,Safer at Home,Safer at Home,en,"Two years into the pandemic, a group of friends throw an online party with a night of games, drinking and drugs. After taking an ecstasy pill, things go terribly wrong and the safety of their home becomes more terrifying than the raging chaos outside.",2021-02-26,55.177,116,5.5,82,FALSE,"Horror, Thriller"
260,842033,괴기맨숀,Ghost Mansion,ko,"Horror webtoon writer Ji-woo arrives at a shabby apartment called Gwanglim Mansion in search of ideas. The middle-aged caretaker with an expressionless facial expression unravels a bundle of strange events that happened in the apartment, and rooms 504, 708 The more Ji-woo hears the story, the more he becomes obsessed with the Ghost Mansion.",2021-06-30,55.108,94,7.3,106,FALSE,Horror
261,663,Saw IV,Saw IV,en,"Jigsaw and his apprentice Amanda are dead. Now, upon the news of Detective Kerry's murder, two seasoned FBI profilers, Agent Strahm and Agent Perez, arrive in the terrified community to assist the veteran Detective Hoffman in sifting through Jigsaw's latest grisly remains and piecing together the puzzle. However, when SWAT Commander Rigg is abducted and thrust into a game, the last officer untouched by Jigsaw has but ninety minutes to overcome a series of demented traps and save an old friend...or face the deadly consequences.",2007-10-25,54.942,3038,6.2,96,FALSE,"Crime, Horror, Thriller"
262,901385,Significant Other,Significant Other,en,"Ruth and Harry decide to take a romantic backpacking trip through the Pacific Northwest, but amongst the beautiful scenery, Ruth makes an unexpected discovery that sets her off on a strange, frightening new path. The couple aren't alone in the woods, and they might not be the same when they come out...if they come out.",2022-10-06,54.799,3,6.3,84,FALSE,"Horror, Science Fiction, Thriller"
263,576004,Porno,Porno,en,"When a group of naive teens working at a movie theater in a small Christian town discover a mysterious film hidden in its basement, they unleash an alluring succubus who gives them a sex education…written in blood.",2019-06-28,54.413,249,6.4,98,FALSE,"Comedy, Horror"
264,284303,"Ich seh, Ich seh",Goodnight Mommy,de,"In the heat of the summer lays a lonesome house in the countryside where nine year old twin brothers await their mother’s return.  When she comes home, bandaged after cosmetic surgery, nothing is like before and the children start to doubt whether this woman is actually who she says she is.",2014-10-07,54.063,1294,6.7,100,FALSE,"Drama, Horror, Mystery, Thriller"
265,480157,House of the Witch,House of the Witch,en,"A group of high-school kids set out to play a Halloween prank at an abandoned house, but once they enter they become victims of a demonic witch who has set her wrath upon them.",2017-10-07,53.773,120,4.7,90,FALSE,"Horror, TV Movie"
266,357096,I Spit on Your Grave III: Vengeance is Mine,I Spit on Your Grave III: Vengeance is Mine,en,"Jennifer Hills is still tormented by the brutal sexual assault she endured years ago. She’s changed identities and cities, reluctantly joining a support group where she begins to piece together a new life. But when her new friend’s murderer goes free and the tales of serial rapists haunt her, Jennifer will hunt down the men responsible and do what the system won’t – make them pay for their crimes in the most horrific ways imaginable. Only this time, no jury may be able to save her.",2015-10-01,53.578,781,5.7,91,FALSE,"Horror, Thriller"
267,300668,Annihilation,Annihilation,en,"A biologist signs up for a dangerous, secret expedition into a mysterious zone where the laws of nature don't apply.",2018-02-22,53.42,7378,6.4,115,FALSE,"Horror, Science Fiction"
268,340102,The New Mutants,The New Mutants,en,"Five young mutants, just discovering their abilities while held in a secret facility against their will, fight to escape their past sins and save themselves.",2020-08-26,53.323,2819,6.2,94,FALSE,"Action, Horror, Mystery, Science Fiction"
269,9793,The Hills Have Eyes 2,The Hills Have Eyes 2,en,A group of National Guard trainees find themselves battling against a vicious group of mutants on their last day of training in the desert.,2007-03-22,53.301,1175,5.5,89,FALSE,"Horror, Thriller"
270,1562,28 Weeks Later,28 Weeks Later,en,"The inhabitants of the British Isles have lost their battle against the onslaught of disease, as the deadly rage virus has killed every citizen there. Six months later, a group of Americans dare to set foot on the isles, convinced the danger has come and gone. But it soon becomes all too clear that the scourge continues to live, waiting to pounce on its next victims.",2007-04-26,53.104,3514,6.6,100,FALSE,"Horror, Science Fiction, Thriller"
271,300669,Don't Breathe,Don't Breathe,en,A group of teens break into a blind man's home thinking they'll get away with the perfect crime. They're wrong.,2016-06-08,53.069,6387,7,89,FALSE,"Horror, Thriller"
272,19912,The Final Destination,The Final Destination,en,"After a young man's premonition of a deadly race-car crash helps saves the lives of his peers, Death sets out to collect those who evaded their end.",2009-08-26,53.023,2670,5.6,82,FALSE,"Horror, Mystery"
273,263472,Knock Knock,Knock Knock,en,"When a devoted husband and father is left home alone for the weekend, two stranded young women unexpectedly knock on his door for help. What starts out as a kind gesture results in a dangerous seduction and a deadly game of cat and mouse.",2015-06-26,52.877,2621,5.3,99,FALSE,"Drama, Horror, Thriller"
274,676840,El amarre,El amarre,es,"A woman has a crush with a coworker and makes a ritual to make him fall in love with her, but things got a little out of hand when she messes with forces no one can control.",2021-10-21,52.743,89,7,77,FALSE,Horror
275,760883,Blood Red Sky,Blood Red Sky,de,"A woman with a mysterious illness is forced into action when a group of terrorists attempt to hijack a transatlantic overnight flight. In order to protect her son she will have to reveal a dark secret, and unleash the inner monster she has fought to hide.",2021-07-23,52.695,1230,7,121,FALSE,"Action, Horror, Thriller"
276,8643,The Exorcism of Emily Rose,The Exorcism of Emily Rose,en,"When a younger girl called Emily Rose dies, everyone puts blame on the exorcism which was performed on her by Father Moore prior to her death. The priest is arrested on suspicion of murder. The trial begins with lawyer Erin Bruner representing Moore, but it is not going to be easy, as no one wants to believe what Father Moore says is true.",2005-09-09,52.675,2333,6.5,122,FALSE,"Crime, Drama, Horror, Thriller"
277,512025,There's Someone Inside Your House,There's Someone Inside Your House,en,"As the countdown to graduation begins, students at Osborne High are being stalked by a maniac intent on exposing their darkest secrets to the entire town, terrorizing victims while wearing a life-like mask of their own face. With a mysterious past of her own, Makani and her friends must discover the killer's identity before they become victims themselves.",2021-09-24,52.537,476,5.6,96,FALSE,"Horror, Mystery, Thriller"
278,643586,Willy's Wonderland,Willy's Wonderland,en,"When his car breaks down, a quiet loner agrees to clean an abandoned family fun center in exchange for repairs. He soon finds himself waging war against possessed animatronic mascots while trapped inside Willy's Wonderland.",2021-02-12,52.535,603,6.1,88,FALSE,"Action, Comedy, Horror"
279,800497,Werewolves Within,Werewolves Within,en,"When a proposed pipeline creates hostilities between residents of a small town, a newly-arrived forest ranger must keep the peace after a snowstorm confines the townspeople to an old lodge. But when a mysterious creature begins terrorizing the group, their worst tendencies and prejudices rise to the surface, and it is up to the ranger to keep the residents alive, both from each other and the monster which plagues them.",2021-06-25,52.511,345,6.1,97,FALSE,"Comedy, Horror"
280,10987,Halloween: The Curse of Michael Myers,Halloween: The Curse of Michael Myers,en,"Six years ago, Michael Myers terrorized the town of Haddonfield, Illinois. He and his niece, Jamie Lloyd, have disappeared. Jamie was kidnapped by a bunch of evil druids who protect Michael Myers. And now, six years later, Jamie has escaped after giving birth to Michael's child. She runs to Haddonfield to get Dr. Loomis to help her again.",1995-09-29,52.474,840,5.2,88,FALSE,"Horror, Thriller"
281,645856,The Seventh Day,The Seventh Day,en,"A renowned exorcist teams up with a rookie priest for his first day of training. As they plunge deeper into hell on earth, the lines between good and evil blur, and their own demons emerge.",2021-03-26,52.293,206,5.4,87,FALSE,Horror
282,9378,Thir13en Ghosts,Thir13en Ghosts,en,"Arthur and his two children, Kathy and Bobby, inherit his Uncle Cyrus's estate: a glass house that serves as a prison to 12 ghosts. When the family, accompanied by Bobby's Nanny and an attorney, enter the house they find themselves trapped inside an evil machine ""designed by the devil and powered by the dead"" to open the Eye of Hell. Aided by Dennis, a ghost hunter, and his rival Kalina, a ghost rights activist out to set the ghosts free, the group must do what they can to get out of the house alive.",2001-10-26,52.197,1695,6.2,91,FALSE,"Horror, Thriller"
283,74997,The Human Centipede 2 (Full Sequence),The Human Centipede 2 (Full Sequence),en,"Inspired by the fictional Dr. Heiter, disturbed loner Martin dreams of creating a 12-person centipede and sets out to realize his sick fantasy.",2011-10-06,51.967,1067,4.8,91,FALSE,"Crime, Drama, Horror"
284,185341,[REC] 4: Apocalipsis,[REC]⁴ Apocalypse,es,"Ángela Vidal, the young television reporter who entered the building with the firemen, manages to make it out alive. But what the soldiers don't know is that she carries the seed of the strange infection. She is to be taken to a provisional quarantine facility, a high-security installation where she will have to stay in isolation for several days. An old oil tanker, miles off shore and surrounded by water on all sides, has been especially equipped for the quarantine.",2014-10-31,51.876,935,5.5,95,FALSE,"Horror, Thriller"
285,703745,Deep Blue Sea 3,Deep Blue Sea 3,en,"Dr. Emma Collins and her team are spending their third summer on the island of Little Happy studying the effect of climate change on the great white sharks who come to the nearby nursery every year to give birth. Along with the last two inhabitants of this former fishing village, their peaceful life is disrupted when a ""scientific"" team led by her ex-boyfriend and marine biologist Richard show up looking for three bull sharks who we soon learn aren't just any bull sharks.",2020-08-25,51.476,227,5.8,100,FALSE,"Action, Horror, Science Fiction"
286,698320,The Mad Hatter,The Mad Hatter,en,"An eccentric professor takes four of his students to the mansion of the “Mad Hatter”, an urban legend driven insane by mercury poisoning and grief. He says that there’s nothing to worry about now: the strange, shambling “caretakers” that haunt the home are merely servants that have fallen to inbreeding, and the Hatter himself has been dead for years. But as the students start disappearing one by one, those that remain start to question if the professor’s experiment is truly scientific...and if the Hatter didn’t just succumb to his madness, but decided to spread it...",2021-01-29,51.424,50,5.7,90,FALSE,"Horror, Thriller"
287,578,Jaws,Jaws,en,"When an insatiable great white shark terrorizes the townspeople of Amity Island, the police chief, an oceanographer and a grizzled shark hunter seek to destroy the blood-thirsty beast.",1975-06-20,51.381,8659,7.6,124,FALSE,"Adventure, Horror, Thriller"
288,622420,The Jack in the Box,The Jack in the Box,en,"When a vintage Jack-in-the-box is un-earthed and opened, it's new owners soon have reason to believe the creepy clown doll within has a life of it's own.",2019-11-09,51.256,243,5.9,87,FALSE,Horror
289,4233,Scream 2,Scream 2,en,"Two years after the terrifying events that occurred in Woodsboro, Sidney is now attending Windsor College in Cincinnati, and Gale Weathers' best selling book on Sidney's life has now been made into a major motion picture. When two college students are killed in a theatre while watching the new film 'Stab', Sidney knows deep down that history is repeating itself.",1997-12-12,51.026,3103,6.4,120,FALSE,"Horror, Mystery"
290,395,AVP: Alien vs. Predator,AVP: Alien vs. Predator,en,"When scientists discover something in the Arctic that appears to be a buried Pyramid, they send a research team out to investigate. Little do they know that they are about to step into a hunting ground where Aliens are grown as sport for the Predator race.",2004-08-12,50.996,3654,5.9,101,FALSE,"Action, Adventure, Horror, Science Fiction"
291,614696,#살아있다,#Alive,ko,"As a grisly virus rampages a city, a lone man stays locked inside his apartment, digitally cut off from seeking help and desperate to find a way out.",2020-06-24,50.907,1365,7.3,98,FALSE,"Action, Horror, Thriller"
292,1690,Hostel,Hostel,en,"Three backpackers head to a Slovakian city that promises to meet their hedonistic expectations, with no idea of the hell that awaits them.",2005-09-17,50.839,3023,5.9,94,FALSE,Horror
293,623491,The Babysitter: Killer Queen,The Babysitter: Killer Queen,en,"Two years after defeating a satanic cult led by his babysitter Bee, Cole's trying to forget his past and focus on surviving high school. But when old enemies unexpectedly return, Cole will once again have to outsmart the forces of evil.",2020-09-10,50.778,1191,6.4,101,FALSE,"Comedy, Horror"
294,2668,Sleepy Hollow,Sleepy Hollow,en,New York detective Ichabod Crane is sent to Sleepy Hollow to investigate a series of mysterious deaths in which the victims are found beheaded. Locals believe the culprit to be none other than the legendary Headless Horseman.,1999-11-19,50.681,5700,7.2,105,FALSE,"Drama, Fantasy, Horror, Mystery, Thriller"
295,43593,Piranha 3D,Piranha 3D,en,"Each year the population of sleepy Lake Victoria, Arizona explodes from 5,000 to 50,000 residents for the annual Spring Break celebration. But then, an earthquake opens an underwater chasm, releasing an enormous swarm of ancient Piranha that have been dormant for thousands of years, now with a taste for human flesh. This year, there's something more to worry about than the usual hangovers and complaints from locals, a new type of terror is about to be cut loose on Lake Victoria.",2010-08-20,50.603,1829,5.4,88,FALSE,"Comedy, Horror"
296,7131,Van Helsing,Van Helsing,en,Famed monster slayer Gabriel Van Helsing is dispatched to Transylvania to assist the last of the Valerious bloodline in defeating Count Dracula. Anna Valerious reveals that Dracula has formed an unholy alliance with Dr. Frankenstein's monster and is hell-bent on exacting a centuries-old curse on her family.,2004-05-05,50.495,4987,6.3,132,FALSE,"Action, Adventure, Horror"
297,23988,Stan Helsing,Stan Helsing,en,"It's Halloween night and video store clerk Stan Helsing just got stuck with a last minute request to deliver some videos. With his best friend, his best friend's date, and a smoking hot ex-girlfriend waiting to go to a party, Stan convinces them to take a side trip to Stormy Night Estates for the drop. But the group gets locked inside and Stan discovers he's actually Stan Van Helsing, descendan",2009-10-27,50.368,386,4.2,90,FALSE,"Comedy, Horror"
298,59429,パラノーマル・アクティビティ 第2章 TOKYO NIGHT,Paranormal Activity: Tokyo Night,ja,"Koichi takes care of his sister, who has recently returned from a trip abroad in the United States as she is not well. While caring for her, he records evidence of ghosts in their home.",2010-11-20,50.297,360,6,91,FALSE,"Horror, Thriller"
299,270303,It Follows,It Follows,en,"When carefree teenager Jay sleeps with her older boyfriend for the first time, she learns that she is the latest recipient of a fatal curse that is passed from victim to victim via sexual intercourse. Death, Jay learns, will creep inexorably toward her as either a friend or a stranger. Jay's friends don't believe her seemingly paranoid ravings, until they too begin to see the phantom assassins and band together to help her defend herself.",2014-09-24,50.294,5456,6.6,101,FALSE,"Horror, Mystery"
300,119278,Smiley,Smiley,en,"After learning of an urban legend in which a demented serial killer named SMILEY can be summoned through the internet, mentally fragile Ashley must decide whether she is losing her mind or becoming Smiley's next victim.",2012-10-12,50.224,330,4.4,95,FALSE,Horror
301,347548,Containment,Containment,en,Neighbors in a block wake one morning to find they have been sealed inside their apartments. Can they work together to find out why? Or will they destroy each other in their fight to escape?,2015-07-09,50.172,156,5.9,77,FALSE,"Horror, Science Fiction, Thriller"
302,11281,Halloween II,Halloween II,en,"After failing to kill stubborn survivor Laurie and taking a bullet or six from former psychiatrist Dr. Sam Loomis, Michael Myers has followed Laurie to the Haddonfield Memorial Hospital, where she's been admitted for Myers' attempt on her life. The institution proves to be particularly suited to serial killers, however, as Myers cuts, stabs and slashes his way through hospital staff to reach his favorite victim.",1981-10-30,50.085,1591,6.5,92,FALSE,"Horror, Thriller"
303,109428,Evil Dead,Evil Dead,en,"Mia, a young woman struggling with sobriety, heads to a remote cabin with a group of friends where the discovery of a Book of the Dead unwittingly summon up dormant demons which possess the youngsters one-by-one.",2013-04-05,49.982,3758,6.5,96,FALSE,Horror
304,779202,Terapia do Medo,Insensate,pt,"A woman tries to help her twin sister, with whom she has a strong connection, recover from a trauma. But weird things surround their lives.",2021-08-04,49.877,74,6.7,84,FALSE,"Horror, Mystery, Thriller"
305,1691,Hostel: Part II,Hostel: Part II,en,"Three American college students studying abroad are lured to a Slovakian hostel, and discover the grim reality behind it.",2007-06-08,49.793,1645,5.8,93,FALSE,Horror
306,207768,I Spit on Your Grave 2,I Spit on Your Grave 2,en,"Naturally beautiful, Katie has just settled into New York where she, like many other young women, is trying to make it as a model. But what starts out as an innocent and simple photo shoot soon turns into something disturbingly unthinkable! Raped, tortured and kidnapped to a foreign country, Jessica is buried alive and left to die. Against all odds, she manages to escape. Severely injured, she will have to tap into the darkest places of the human psyche to not only survive, but to exact her revenge…",2013-08-25,49.755,1043,6.3,106,FALSE,"Crime, Horror, Thriller"
307,511987,Crawl,Crawl,en,"When a huge hurricane hits her hometown in Florida, Haley ignores evacuation orders to look for her father. After finding him badly wounded, both are trapped by the flood. With virtually no time to escape the storm, they discover that rising water levels are the least of their problems.",2019-07-11,49.607,2608,6.3,88,FALSE,"Action, Horror, Thriller"
308,170,28 Days Later,28 Days Later,en,"Twenty-eight days after a killer virus was accidentally unleashed from a British research facility, a small group of London survivors are caught in a desperate struggle to protect themselves from the infected. Carried by animals and humans, the virus turns those it infects into homicidal maniacs -- and it's absolutely impossible to contain.",2002-10-31,49.268,5557,7.2,113,FALSE,"Horror, Science Fiction, Thriller"
309,9645,Ghost Ship,Ghost Ship,en,"After discovering a passenger ship missing since 1962 floating adrift on the Bering Sea, salvagers claim the vessel as their own. Once they begin towing the ghost ship towards harbor, a series of bizarre occurrences happen and the group becomes trapped inside the ship, which they soon learn is inhabited by a demonic creature.",2002-10-25,49.195,1978,5.9,91,FALSE,"Horror, Mystery, Thriller"
310,573680,The Banishing,The Banishing,en,"In the 1930s, a young reverend and his family are forced to confront their worst fears when they discover their new home holds a horrifying secret.",2021-04-29,49.121,89,5.4,97,FALSE,Horror
311,9730,Friday the 13th: The Final Chapter,Friday the 13th: The Final Chapter,en,"After being mortally wounded and taken to the morgue, murderer Jason Voorhees spontaneously revives and embarks on a killing spree as he makes his way back to his home at Crystal Lake.",1984-04-13,48.887,1013,6.1,91,FALSE,Horror
312,280092,Insidious: Chapter 3,Insidious: Chapter 3,en,"A twisted new tale of terror begins for a teenage girl and her family, and revealing more mysteries of the otherworldly realm, 'The Further'.",2015-05-28,48.653,2833,6.3,97,FALSE,"Drama, Horror, Thriller"
313,664168,Fat Ass Zombies,Fat Ass Zombies,en,"In a sleepy town, one man, a wannabe horror film director is about to have his life and the world he knows change forever. Finally, he gets the big break he has been waiting a lifetime for, but its not Hollywood knocking on his door.",2020-02-18,47.937,48,4.8,88,FALSE,"Comedy, Horror"
314,520023,Bodies Bodies Bodies,Bodies Bodies Bodies,en,"In an isolated family mansion, a group of rich 20-somethings decides to play Bodies Bodies Bodies, a game where one of them is secretly a ""killer"" while the rest tries to ""escape"". Things take a turn for the worse when real bodies start turning up, setting off a paranoid and dangerous chain of events.",2022-08-05,47.932,156,6.4,94,FALSE,"Comedy, Horror, Mystery"
315,11442,Halloween: Resurrection,Halloween: Resurrection,en,"Serial Killer Michael Myers is not finished with Laurie Strode, and their rivalry finally comes to an end. But is this the last we see of Myers? Freddie Harris and Nora Winston are reality programmers at DangerTainment, and are planning to send a group of 6 thrill-seeking teenagers into the childhood home of Myers. Cameras are placed all over the house and no one can get out of the house... and then Michael arrives home!",2002-07-01,47.79,1000,4.7,89,FALSE,"Horror, Thriller"
316,431075,Polaroid,Polaroid,en,"High school loner Bird Fitcher has no idea what dark secrets are tied to the mysterious Polaroid vintage camera she stumbles upon, but it doesn't take long to discover that those who have their picture taken meet a tragic end. Bird and her friends must survive one more night as they race to solve the mystery of the haunted Polaroid before it kills them all.",2019-01-10,47.575,842,6,88,FALSE,"Horror, Mystery, Thriller"
317,10320,The Ring Two,The Ring Two,en,Rachel Keller must prevent evil Samara from taking possession of her son's soul.,2005-03-17,47.482,1935,5.7,110,FALSE,"Drama, Horror, Thriller"
318,658558,劇場版 巨蟲列島,The Island of Giant Insects,ja,"After an airplane crash during a school trip, Oribe Mutsumi and her classmates were stranded on a seemingly deserted island. Mutsumi found the other survivors, and used her wilderness knowledge to help them. She expects that they will be rescued in about three days, which doesn't seem so long to endure. However, she didn't account for the fact that the island is populated with gigantic killer insects. Her knowledge of butterflies, wasps, and more may be the only thing that will help any of her classmates survive to be rescued!",2020-01-10,47.477,15,4.4,76,FALSE,"Adventure, Animation, Drama, Horror, Mystery"
319,119698,The Dinosaur Project,The Dinosaur Project,en,Found footage of an expedition into the Congo jungle where a team of explorers stumbles upon a colony of Dinosaurs.,2012-08-09,47.421,236,5.6,83,FALSE,"Action, Adventure, Horror"